deprivation,prior_count,density,group,target
-0.569,2,0.983,B,0
0.117,3,0.393,B,0
-0.805,1,-0.54,A,0
0.143,0,-0.932,B,0
0.002,2,-0.486,A,0
-0.816,1,0.208,A,0
-0.405,1,0.148,A,0
-0.324,3,-1.455,A,0
0.733,3,-1.278,B,0
-0.875,0,0.13,B,1
-0.809,0,0.579,B,0
-0.374,1,-0.794,A,0
0.564,2,-1.425,A,0
0.727,1,0.029,A,1
0.262,1,-2.208,B,0
0.715,7,-0.39,A,1
1.162,3,0.594,B,1
0.158,3,-0.247,A,0
-0.802,1,-1.568,A,0
-0.077,4,1.506,A,0
-1.362,1,0.006,B,0
0.395,2,0.208,B,0
-0.492,0,0.878,A,0
0.112,6,-0.182,A,0
-0.085,0,-0.275,B,0
-0.383,1,1.227,B,0
0.225,2,-0.818,A,0
-0.125,3,0.915,B,0
-0.63,0,-1.131,A,0
-1.098,1,-0.729,A,0
0.356,3,0.291,B,0
-1.206,0,1.428,B,0
1.795,9,0.147,A,1
1.287,4,-1.4,B,0
-1.59,1,0.711,A,0
0.628,1,-0.794,A,1
1.138,3,0.633,B,1
-0.586,2,0.287,B,1
0.351,2,-1.501,A,0
-0.125,1,0.36,B,0
0.682,2,-1.235,A,0
-0.446,2,1.352,A,0
1.014,4,-1.573,B,0
-0.143,3,-0.159,A,0
-0.317,2,-0.946,A,0
0.648,2,1.411,B,0
0.901,5,-1.549,A,0
-2.336,1,2.331,A,0
-2.904,0,-0.361,A,0
0.342,2,-0.564,A,1
-0.662,0,0.773,B,0
-1.321,1,-0.034,A,0
-0.374,1,-0.85,A,0
2.911,10,-0.764,B,1
-1.33,0,-0.497,A,0
0.886,2,-0.693,A,0
-0.761,1,0.81,B,0
-1.452,0,0.086,B,0
-0.612,1,0.463,B,0
-1.421,1,-0.419,B,0
-1.568,1,0.644,A,1
-0.725,3,-0.694,B,0
-1.09,0,-0.921,A,0
-0.146,3,-0.509,B,0
0.169,3,1.425,B,1
-0.789,1,-0.576,B,0
0.63,1,-0.531,A,0
-0.664,1,0.218,B,0
-0.154,3,-0.131,A,0
-2.169,0,-1.087,A,0
0.082,2,-1.181,B,0
2.252,5,0.749,B,1
0.795,4,-1.188,A,0
-0.173,3,0.884,A,0
-1.158,0,-0.467,B,0
1.632,4,-2.323,B,1
-0.161,3,0.647,A,0
-0.673,1,0.802,B,0
-0.648,2,0.582,A,0
2.073,5,-0.466,A,1
-0.118,2,-0.355,A,0
0.451,2,-0.455,A,0
-0.203,2,-0.721,B,0
-0.065,3,0.281,A,0
-0.425,0,-0.205,A,0
1.422,4,-0.464,B,1
0.044,4,-0.712,B,0
-1.408,1,0.148,A,0
0.394,0,1.268,B,1
-0.115,2,0.119,B,0
0.381,1,-1.355,B,1
-0.332,2,-0.024,A,0
-0.541,3,0.481,B,0
0.894,0,0.71,B,0
1.859,6,0.516,A,1
-1.859,1,0.134,B,0
0.082,3,2.711,A,0
-0.54,2,-1.191,B,0
-0.912,2,1.49,A,0
-2.157,0,0.554,A,0
0.361,0,2.294,B,0
-0.483,2,-1.449,A,0
-0.543,0,1.537,B,0
1.203,6,1.638,A,0
-0.439,1,-0.157,A,0
-0.482,4,-0.85,A,0
-1.336,0,2.123,A,0
-0.908,1,-0.824,A,0
1.466,6,1.047,B,1
0.612,4,1.495,A,1
1.288,6,-0.161,A,1
-0.841,1,-0.167,B,0
0.361,1,1.765,B,0
1.048,5,-0.307,A,0
0.579,2,-0.558,B,0
1.58,3,-2.699,A,0
0.402,3,1.122,A,0
-0.002,0,-0.373,A,0
-2.354,0,0.783,A,0
0.417,0,-0.147,B,0
0.598,5,1.335,B,0
1.148,2,1.375,A,0
-0.795,2,-0.995,A,0
-0.034,1,-0.464,A,0
-1.59,0,0.581,B,0
-1.613,0,1.407,B,0
0.513,0,0.113,A,0
1.267,4,0.214,A,0
1.302,2,0.349,B,0
0.438,6,-0.876,B,1
2.046,8,-0.453,A,1
-0.393,2,-0.185,A,0
0.898,7,1.001,B,0
-1.318,2,1.795,B,0
-3.143,0,-0.91,A,0
-0.481,1,0.722,A,0
-0.121,2,0.218,A,0
0.235,3,-0.502,A,0
-0.186,1,-0.96,A,0
0.361,2,0.229,A,0
1.74,2,-0.585,A,1
0.738,3,0.373,B,1
-0.766,1,-1.002,A,0
-2.513,0,-1.104,A,0
-1.075,2,1.075,A,0
1.343,3,0.195,A,0
-0.504,1,0.172,A,0
0.679,4,-0.506,A,0
0.64,0,0.758,A,1
-0.056,5,-0.183,A,1
-0.087,4,0.778,A,1
-0.664,1,-0.453,B,0
2.227,5,-1.062,A,0
-0.956,2,-0.727,B,0
1.121,3,0.423,A,0
0.831,1,-0.988,A,1
0.615,1,1.812,A,0
-0.12,4,-1.361,A,0
-1.48,1,-0.15,B,0
-1.148,1,1.191,B,0
-0.775,2,0.286,A,0
0.37,1,-0.353,B,1
0.891,3,1.151,B,0
0.314,3,-0.929,A,0
0.26,1,-0.288,A,0
1.042,5,-1.617,B,0
-2.09,0,0.884,B,0
-2.207,0,0.56,A,0
-1.548,1,0.563,B,0
0.926,2,0.13,B,0
-2.009,0,0.081,B,0
-0.01,3,0.108,B,1
-0.91,1,0.305,A,0
0.155,1,0.13,A,0
-0.142,2,-0.932,B,0
0.25,1,-2.258,A,0
-0.399,1,2.088,B,0
0.707,2,-0.648,A,1
1.463,6,-0.176,A,0
1.265,3,1.113,B,0
-0.362,2,0.337,B,1
-0.865,0,-1.43,A,0
0.196,3,-1.165,B,0
1.975,4,0.88,A,1
-0.053,1,0.597,A,0
0.839,2,-0.516,B,0
0.784,2,-0.041,B,0
0.772,3,0.038,B,0
1.273,4,0.248,A,0
-1.317,0,0.421,B,0
-0.963,1,-0.389,A,0
0.048,2,0.701,A,1
1.23,2,0.594,B,0
1.228,1,0.872,A,1
-0.046,3,0.771,A,0
0.998,5,0.745,A,0
-0.422,1,-0.455,A,0
-0.826,2,-0.124,B,0
-1.329,1,-0.851,B,0
-0.137,1,0.201,A,0
-0.347,1,-0.801,B,1
1.003,4,0.47,A,0
0.563,3,1.199,A,0
0.054,0,-0.001,B,0
0.058,2,-0.541,B,0
-0.419,1,0.494,A,0
-1.779,0,1.032,A,0
-1.182,0,-0.748,B,0
0.787,2,0.116,B,0
-0.138,3,0.314,A,0
-1.312,0,-0.278,A,0
1.367,5,0.513,B,0
1.698,1,-1.638,B,0
1.205,4,0.344,A,1
0.424,0,1.794,B,0
0.286,2,0.56,A,1
-0.025,2,0.038,A,0
0.163,2,-1.216,A,0
0.629,1,-0.343,B,0
0.707,6,0.309,A,0
0.454,0,0.093,A,0
-3.277,2,-1.234,B,0
1.151,0,0.249,A,1
0.199,0,-0.857,B,0
-1.357,1,-0.575,A,0
0.198,3,0.897,A,0
0.302,3,-0.239,A,0
-1.571,0,-0.646,B,0
-0.643,0,-0.985,A,0
-1.106,1,-0.715,A,0
-0.974,1,-0.54,B,0
0.57,3,0.858,B,1
-0.622,2,-0.032,A,0
0.093,3,1.204,A,0
0.738,2,-1.168,A,0
-0.434,2,1.291,A,1
0.778,2,-0.15,A,1
1.355,4,-0.226,A,0
0.846,3,-0.238,B,0
0.6,1,2.26,A,0
0.854,2,-0.477,B,1
0.395,2,2.071,B,0
0.849,6,0.863,A,1
-1.174,0,-1.105,A,0
-0.075,3,-0.962,A,0
0.392,1,0.192,A,0
-0.075,1,0.104,B,0
2.502,4,-0.398,B,1
-0.191,3,-0.535,B,0
-1.783,1,1.549,A,0
0.055,4,0.154,B,0
0.828,3,0.47,A,0
-0.873,1,0.117,B,0
-0.037,1,0.043,B,0
-0.073,1,2.155,A,0
-0.06,0,0.573,B,1
-0.598,4,2.63,A,0
1.097,2,0.778,B,0
2.167,5,-0.652,B,1
-0.84,2,1.244,A,0
-1.307,2,-0.077,A,0
-0.438,0,1.525,A,0
1.407,4,-0.676,B,0
-0.258,1,-1.585,A,0
0.366,1,0.102,B,0
-0.912,0,1.468,A,0
1.784,5,-0.631,A,1
-0.295,1,0.58,B,0
0.249,1,-0.674,B,0
-0.796,2,0.944,A,0
-0.892,1,-0.365,B,0
-0.004,3,0.268,B,0
0.104,2,-0.333,B,1
0.863,1,-0.75,A,0
-1.688,0,-1.923,A,0
-0.951,1,-1.3,A,1
-0.687,0,-0.278,A,0
0.12,0,0.449,A,0
-1.13,1,1.854,A,0
-0.095,5,-0.52,A,0
-0.644,2,-0.637,B,0
-0.136,1,-1.325,A,0
-0.775,3,0.856,A,1
-1.012,2,0.571,A,0
0.285,2,0.447,B,0
1.113,7,0.345,B,1
0.813,3,-0.373,A,0
1.113,6,1.358,B,1
1.23,4,-0.777,B,0
-0.161,1,-0.474,B,0
1.871,5,-1.016,A,0
0.756,5,-0.129,B,1
-0.95,2,-0.775,B,0
-0.669,2,-0.629,B,0
0.151,2,-1.2,B,0
0.881,1,-0.958,A,0
-0.229,0,-1.609,A,0
-0.971,2,0.358,A,0
0.79,3,-0.862,A,0
-1.117,3,1.611,B,0
0.304,2,0.947,B,0
0.043,2,0.07,A,0
-1.342,0,0.57,A,0
1.777,3,0.859,A,1
0.017,1,-0.495,A,1
-1.186,1,-0.203,B,0
0.049,0,1.078,B,1
-1.73,0,1.143,A,0
0.361,2,-0.771,B,0
0.861,4,2.296,A,1
2.702,12,-1.353,B,1
0.098,1,-2.286,A,0
-0.659,1,1.723,A,0
0.207,4,0.729,A,0
1.44,3,0.185,A,1
0.501,2,0.81,A,0
0.833,2,-0.679,A,0
0.76,4,-1.738,A,0
0.506,3,-0.45,A,0
-1.402,3,-0.697,A,0
-1.456,3,-0.988,A,0
-1.579,3,-0.603,A,0
-1.197,0,-0.589,A,0
-1.082,1,-0.472,A,0
1.86,7,0.381,B,1
-0.707,1,0.558,A,0
0.1,3,0.3,A,0
-0.244,1,-2.541,A,0
0.194,5,-1.017,A,0
0.07,2,-1.004,A,0
-1.256,1,1.197,B,0
0.598,5,-0.848,A,0
-0.68,2,-1.897,B,0
-0.713,1,0.689,A,0
-0.306,0,0.091,A,0
0.809,4,2.514,A,0
-0.625,1,-1.381,A,0
0.092,1,-0.218,A,0
0.403,1,-1.037,A,0
0.257,2,-1.035,A,0
0.202,2,-0.823,A,0
-1.404,1,-1.098,A,0
0.127,2,0.186,A,0
-0.915,1,0.063,A,0
-1.76,0,-0.032,B,0
-0.463,0,1.268,B,0
-0.519,0,0.558,A,0
2.96,7,0.835,A,1
0.976,5,0.161,A,0
0.784,4,0.309,B,1
-0.408,1,0.928,A,0
-0.185,0,-1.143,A,0
2.572,4,-0.654,A,0
-0.636,3,0.073,A,0
0.255,4,0.042,B,0
1.841,3,-1.421,A,0
-0.724,0,0.762,A,0
0.15,1,1.439,B,0
-0.018,1,1.364,A,0
-0.889,2,-0.693,B,0
0.775,4,0.85,A,0
-1.115,2,-0.403,B,0
0.776,1,0.07,A,1
0.43,0,1.102,A,0
0.898,1,1.341,B,0
-0.194,1,-0.442,A,0
0.389,1,-0.519,A,1
1.026,2,1.498,B,0
-1.409,0,-0.101,B,0
-1.208,1,-3.001,A,0
0.582,3,0.44,A,0
0.823,2,-0.801,A,0
0.136,2,-0.284,A,0
0.92,4,0.593,A,1
-0.362,0,-1.849,A,0
1.267,5,0.764,A,1
-0.073,6,-1.515,A,1
-0.779,2,-0.743,B,0
1.425,4,0.318,A,0
0.827,2,-1.23,B,0
-0.45,1,-1.227,B,0
-0.43,2,0.335,B,0
0.601,1,0.529,A,1
-1.001,0,-0.178,B,0
0.321,1,0.62,B,1
-0.169,2,4.028,A,1
0.215,3,-1.49,B,0
-2.021,0,-2.239,B,0
-0.907,3,1.123,B,0
0.254,0,-1.183,A,0
1.053,3,0.37,A,0
-0.131,5,0.607,A,0
0.723,3,-0.035,B,1
-1.482,0,0.278,B,1
-0.449,2,1.709,A,0
0.28,2,-0.612,B,0
-0.062,3,1.277,B,0
0.763,7,-1.31,A,0
-0.257,3,0.351,B,0
-0.247,2,0.487,A,1
0.654,2,-0.076,A,0
-0.537,2,0.97,A,0
-0.908,0,0.043,A,0
0.465,0,0.333,A,0
-0.964,2,-0.706,A,0
1.419,1,-0.998,B,0
-1.842,0,-1.023,B,0
-0.298,0,-0.613,B,0
1.627,5,-1.281,A,0
1.976,4,1.868,B,1
-0.091,0,-0.308,B,1
1.104,2,-0.009,A,1
0.775,5,-1.148,A,0
-0.492,1,2.044,A,0
0.467,3,-0.255,A,1
-0.862,0,-0.589,B,0
-1.562,1,-0.497,B,0
0.504,4,-0.211,A,0
0.563,0,-0.304,A,0
-1.185,1,-1.346,B,0
-0.143,1,0.86,B,0
-1.186,0,-1.114,A,0
-0.461,1,0.809,A,0
-0.436,1,-1.33,A,0
0.741,3,0.173,B,0
-0.5,1,-1.024,A,0
-1.262,0,-0.728,A,0
1.716,3,0.481,A,0
0.495,3,1.181,A,0
0.896,4,1.823,A,0
0.608,5,0.373,A,0
0.941,4,-0.005,B,0
0.437,1,-0.963,A,0
0.465,2,-1.789,B,0
0.127,2,0.62,B,0
-0.439,2,-0.253,A,0
0.887,3,0.009,A,0
-0.265,3,-0.398,A,0
0.118,1,-0.718,A,0
0.37,2,0.677,B,0
0.455,0,1.705,B,1
-1.014,1,-1.2,A,0
0.201,1,-1.874,B,0
-1.021,0,-0.235,B,0
0.179,5,-0.718,A,0
0.78,3,1.184,A,1
1.8,6,0.506,B,1
0.578,2,1.896,A,1
0.864,5,1.078,B,0
-1.088,5,0.105,A,0
0.538,2,0.148,A,0
-1.115,0,0.391,A,0
1.202,0,-0.91,A,0
-1.066,1,0.435,A,1
-0.977,0,1.371,A,0
0.755,2,-0.632,B,0
1.68,6,-0.242,A,0
1.058,1,0.657,A,0
-0.354,0,1.499,B,0
-0.989,1,-0.742,B,0
-0.428,0,0.245,B,0
0.126,2,-0.031,A,0
-0.077,0,-0.274,A,1
-1.029,0,-1.859,A,0
1.286,1,-0.744,A,0
1.308,3,-1.228,A,0
1.885,1,-0.134,B,1
-1.66,1,-0.453,B,0
-0.809,1,-1.189,B,0
0.251,1,-0.266,A,0
0.005,2,1.866,B,0
-0.45,0,-0.663,B,0
-0.856,2,-0.388,A,0
-0.998,2,-0.226,A,0
2.026,7,-0.728,B,0
-1.427,0,-1.578,A,0
-1.558,1,1.809,A,0
-1.188,0,-1.831,B,0
0.192,1,-1.714,A,0
-0.273,0,0.749,A,0
0.414,3,-2.049,A,0
-0.707,2,0.771,B,0
0.088,3,0.861,B,0
0.085,3,-0.802,B,0
1.575,8,0.042,B,1
1.779,5,-0.05,B,1
-0.151,0,-0.805,A,0
0.855,1,-0.615,A,0
0.162,1,-0.157,B,1
0.771,4,-0.467,A,0
0.385,4,0.576,B,0
0.736,5,-0.15,A,0
0.853,3,0.451,A,0
0.425,2,-0.388,A,0
0.137,0,0.64,B,0
1.043,3,0.884,B,1
-0.135,1,-1.98,A,0
-0.576,2,0.378,A,1
-1.554,0,-0.695,B,0
0.425,0,-0.439,A,0
0.692,3,0.313,A,0
-1.724,0,0.122,A,0
-0.614,3,-0.234,A,1
0.751,1,0.661,A,0
-0.144,2,0.179,A,0
0.055,1,-0.758,A,0
0.913,2,1.099,A,1
-0.108,2,1.065,A,0
0.384,3,0.013,A,0
-1.081,2,-0.558,A,0
0.352,4,-0.771,B,1
-1.339,0,1.673,B,0
-1.297,0,-0.184,B,0
-0.503,0,0.146,A,0
0.549,5,0.422,A,0
0.052,1,-2.762,B,0
-0.789,1,-0.916,A,0
0.877,3,2.202,A,0
0.319,2,-2.797,A,0
1.045,4,-1.496,B,1
-0.891,0,-0.45,A,0
1.434,1,-0.992,A,0
1.582,6,-0.751,A,0
0.912,0,-1.155,A,0
0.488,5,-0.172,B,0
0.496,1,0.357,A,1
0.331,1,0.401,B,1
-1.373,0,-0.822,B,0
-0.599,0,0.973,A,0
-0.104,2,0.143,A,0
-1.03,1,1.071,A,0
1.435,2,0.288,B,1
0.5,6,-0.262,A,0
1.782,1,-0.237,A,0
0.79,1,0.352,A,0
-1.397,1,1.262,A,0
1.307,3,0.125,A,0
-0.451,3,0.209,A,0
1.365,4,0.565,A,0
1.508,5,-1.775,B,0
1.352,3,-1.43,A,0
1.073,2,0.218,B,1
0.433,1,-0.956,A,1
-0.01,2,-0.264,A,0
1.885,4,-0.013,A,0
0.272,2,2.413,A,0
-0.385,1,-0.177,A,0
0.442,3,-2.114,B,0
1.149,4,0.204,A,1
1.112,1,1.017,B,0
-1.086,3,0.532,A,0
1.08,4,0.465,B,1
0.689,3,-0.737,A,0
-0.345,2,-0.42,B,0
-0.824,0,-0.849,B,0
1.43,2,-0.735,B,1
1.529,6,-0.208,B,0
1.57,7,0.92,A,1
-1.308,2,2.881,A,0
-0.21,2,0.147,A,0
0.057,5,0.54,B,0
1.502,4,-2.412,A,0
0.808,2,-0.44,A,0
-0.224,2,1.532,A,1
0.162,2,0.094,A,0
0.714,4,-0.105,A,0
0.748,7,2.901,B,1
1.681,4,1.19,A,0
1.457,8,0.772,A,1
1.247,1,-0.064,B,0
-0.764,0,0.272,A,0
-0.703,1,2.138,B,0
-0.991,2,2.232,A,0
0.423,6,-0.537,A,0
-0.47,2,-1.624,B,0
0.596,1,0.049,A,0
0.74,4,0.764,B,1
0.246,4,1.806,A,1
0.907,2,-0.105,B,0
-0.616,1,-0.349,A,0
-1.448,1,1.112,A,0
-0.676,4,-0.923,A,1
0.868,3,-0.237,B,0
1.871,7,0.005,A,1
1.511,2,-0.072,B,1
-0.167,1,1.279,B,0
0.994,4,0.536,B,0
-1.352,0,-0.54,B,0
1.584,3,-0.235,A,0
0.563,1,2.798,A,0
0.83,0,-1.444,A,0
-1.872,0,-1.879,B,0
0.505,0,-1.241,A,0
1.888,3,0.304,B,0
0.341,2,1.137,A,0
-0.045,3,-0.115,A,0
-0.208,2,-0.564,B,0
-0.673,0,-0.735,A,0
0.138,3,-1.733,A,1
-1.168,1,1.599,A,0
0.5,2,-0.203,A,0
1.16,3,0.223,A,0
-0.38,0,0.853,A,0
0.434,0,1.387,B,0
-0.014,0,-0.226,A,0
0.445,3,-0.912,A,0
0.96,2,-0.022,B,0
0.465,3,-0.132,B,0
0.91,3,-0.558,A,0
0.572,2,-1.262,B,1
0.913,2,0.389,A,1
0.366,5,1.325,A,1
0.381,3,1.752,A,0
0.742,3,-0.756,A,0
-0.022,1,1.759,B,0
0.5,2,-1.101,B,1
-0.841,3,0.149,B,0
-1.763,3,1.046,B,0
0.142,3,0.553,A,0
-0.749,1,1.412,A,0
1.98,5,-1.025,A,1
-0.752,1,-0.183,A,0
0.811,6,-0.203,A,0
-0.665,0,1.139,A,0
0.021,3,-0.231,B,0
-1.072,0,0.234,A,0
-1.165,1,-0.258,B,0
0.33,2,0.362,A,0
-0.353,1,-0.751,B,0
0.786,2,-1.119,A,0
1.291,3,-0.499,B,1
-1.551,1,-0.918,A,0
1.093,3,-0.203,A,1
-0.961,1,0.782,B,0
-0.333,4,-1.338,A,0
-1.402,1,-0.414,A,0
-1.372,1,2.17,A,0
-1.945,0,-1.795,A,0
-0.404,3,-1.117,A,0
0.061,3,0.302,A,0
-0.371,0,-1.604,A,0
-1.791,1,-0.131,A,0
-1.957,1,1.673,A,0
0.01,0,-0.626,B,0
0.789,2,-0.896,B,0
0.248,0,-1.628,A,0
1.868,6,-0.881,B,1
-0.038,6,-0.24,B,0
0.315,1,2.135,B,1
-0.021,5,-0.187,B,0
-0.782,1,-0.139,A,0
-0.164,2,-0.049,B,0
0.839,1,-0.873,A,1
0.878,4,-2.36,A,0
0.358,3,1.443,A,0
1.582,5,0.604,A,0
0.457,4,1.11,B,0
0.327,3,0.235,B,0
1.502,6,1.159,B,0
-0.715,1,-1.543,B,0
1.428,1,0.051,A,0
-0.974,1,0.516,B,0
-0.266,0,1.318,A,1
-1.836,1,0.416,A,0
0.251,2,0.417,A,0
1.326,3,0.226,B,0
-0.938,1,-1.478,A,0
-0.283,1,-0.594,B,0
-0.222,1,-0.505,A,0
-0.215,2,0.833,A,0
-1.048,3,0.514,B,1
0.038,0,1.506,B,1
1.57,5,0.488,B,1
-0.501,2,-0.213,A,0
0.23,1,1.283,A,0
0.222,0,-1.244,A,1
-0.396,1,-0.291,A,0
0.278,2,-0.947,A,0
-0.381,1,-1.121,A,1
0.418,1,-1.087,A,0
-0.071,3,-0.661,B,0
-1.406,2,0.19,A,0
-1.799,0,-0.351,A,0
-2.138,0,0.26,A,0
-0.41,3,0.221,A,0
0.831,2,-2.337,A,1
-0.73,0,0.155,B,0
-0.247,2,-0.75,A,0
-0.654,2,-1.643,B,0
-0.835,0,0.226,A,0
2.203,6,0.064,B,1
-0.798,2,0.147,A,0
-1.352,2,0.693,A,0
-0.895,1,-0.681,A,0
0.075,2,-0.992,A,0
-0.573,1,-0.041,A,0
0.286,3,-0.462,A,0
-0.73,2,2.699,A,0
-0.588,2,-0.159,A,0
-0.707,1,-0.032,A,0
-0.091,2,-0.915,B,0
0.714,2,-1.083,B,0
0.819,6,-1.718,B,1
1.408,7,-0.39,B,1
-1.313,1,-0.273,A,0
-1.04,2,1.027,A,0
-0.919,3,-0.325,A,0
-0.003,4,-0.483,B,0
-1.077,0,0.155,B,0
-0.689,0,-0.194,B,0
0.684,2,0.866,A,1
1.07,0,1.342,A,0
0.693,1,-0.134,A,0
0.321,1,-1.071,A,0
-0.663,2,-0.246,A,0
0.021,2,0.111,B,0
1.141,2,-1.45,B,0
0.662,5,-0.393,A,0
0.885,5,-1.6,B,0
0.951,5,0.316,A,0
-0.328,2,-1.209,A,0
0.634,1,-0.426,B,1
-0.38,0,-0.255,B,0
0.595,4,-1.388,B,0
1.227,1,-0.056,A,0
1.554,3,-1.179,A,0
0.595,4,1.389,B,0
0.394,2,1.237,A,0
1.388,2,1.083,B,0
-0.865,3,0.056,A,0
1.446,4,0.248,A,0
0.131,1,-0.267,B,0
0.138,3,0.446,A,0
-0.451,3,1.547,B,0
-1.173,1,-1.069,A,0
1.472,5,0.351,B,1
0.404,3,-1.802,B,0
-0.369,0,-0.502,B,0
0.35,3,-0.152,A,0
-0.337,0,0.228,A,0
-1.705,0,0.587,B,0
-0.178,2,1.22,B,0
-1.407,0,-1.49,B,0
0.238,0,0.78,A,1
1.586,5,1.715,B,1
-0.641,1,-0.463,A,0
0.791,4,-0.588,A,0
-0.64,0,0.12,B,1
-0.02,0,-0.151,B,0
-0.878,1,-0.218,A,0
0.619,3,1.435,A,0
1.346,6,2.377,A,0
0.192,2,-0.325,B,1
0.536,1,2.312,A,0
0.534,3,-0.356,A,0
-0.249,2,0.757,A,0
1.307,3,-1.046,B,1
-0.518,1,-0.883,A,0
-1.572,1,-0.325,A,0
-0.921,4,0.831,A,0
0.616,1,0.208,B,0
-0.387,0,-1.645,A,0
0.093,1,-1.333,A,0
-0.239,1,-1.728,B,0
0.181,0,0.317,A,0
1.093,2,0.147,A,0
1.526,7,0.128,B,1
-0.969,1,0.117,A,0
0.932,5,-0.759,A,0
0.197,1,0.168,A,0
-1.223,0,1.433,A,1
0.494,2,0.568,A,1
1.848,9,-1.171,B,1
-0.738,2,-0.336,A,0
-0.229,0,-0.629,B,0
-1.606,0,0.881,A,0
-0.117,0,-1.058,A,1
0.16,3,0.181,A,0
1.974,6,-0.344,B,0
-0.934,3,-0.779,A,0
0.964,4,0.207,A,1
0.301,5,-0.222,A,0
2.234,5,0.744,A,1
0.175,1,-0.489,B,0
-0.051,1,-1.183,A,0
0.847,0,-0.207,A,0
0.489,2,0.25,B,1
0.936,5,0.61,A,0
0.561,4,-0.186,A,0
-1.475,0,0.843,A,0
0.522,1,-1.341,B,0
0.499,3,0.98,A,1
-0.74,0,0.569,B,0
0.29,3,-0.443,A,0
-1.836,0,1.048,A,0
0.255,3,0.311,B,1
0.685,3,1.277,B,0
0.96,2,-0.777,A,0
0.701,1,-0.683,B,0
-0.886,1,0.55,B,0
-1.465,0,0.067,A,0
0.941,6,-1.44,A,1
0.405,5,1.87,A,0
0.493,3,1.752,A,0
1.681,2,0.191,A,0
-1.607,0,-0.687,B,0
1.803,6,-0.664,A,0
-0.562,1,0.387,B,0
0.825,2,1.437,B,0
-0.013,0,2.645,A,0
-0.346,1,-0.301,B,0
-1.509,0,-0.356,A,0
-0.672,1,-0.165,A,0
0.467,3,0.409,A,0
0.355,3,-0.855,A,0
0.952,4,-1.363,B,0
-0.692,1,-0.233,A,0
0.747,1,0.31,A,0
0.066,4,1.714,A,0
0.633,2,-1.079,A,1
0.513,6,1.129,A,0
-0.471,1,-0.102,B,0
0.252,6,-0.244,B,0
0.461,3,-1.552,A,1
0.786,4,0.392,B,0
1.505,4,0.275,A,0
-0.634,1,2.268,B,0
-1.166,0,-0.258,A,0
1.287,4,1.554,A,0
-1.286,1,-0.305,B,0
1.034,2,-0.342,B,1
-0.909,1,-1.68,A,0
-0.63,0,1.15,A,0
-0.079,1,0.138,A,0
-1.451,2,-0.005,B,0
-0.97,2,-0.29,A,0
-1.673,1,0.235,A,0
0.669,2,-0.711,A,0
-0.012,1,0.45,B,0
0.014,2,-0.955,A,0
-0.061,1,-0.134,A,0
-0.018,0,0.497,A,0
-0.482,2,1.408,B,0
0.956,4,0.21,A,0
-1.763,0,1.297,A,0
-1.443,1,-0.013,B,0
1.358,3,-0.935,A,1
0.267,2,2.082,B,0
-2.025,0,-0.116,B,0
0.319,1,0.947,B,0
-1.59,1,-0.621,A,0
1.3,5,0.521,A,1
0.92,3,0.345,A,0
2.097,6,-0.0,A,0
-0.299,0,2.029,A,0
-1.217,1,0.429,B,0
-0.541,2,-0.371,B,0
-0.518,1,1.574,B,0
0.386,3,-1.811,A,0
-1.832,0,-1.458,A,0
-0.005,1,0.88,B,0
-1.014,3,0.227,A,0
-0.513,2,-0.546,B,0
1.383,1,0.392,A,1
1.003,0,1.066,A,0
0.73,2,-1.057,A,1
0.636,3,-0.088,B,0
-0.264,2,0.038,A,0
-0.048,4,0.306,A,0
-1.573,1,0.644,B,0
-1.234,1,-1.968,A,0
0.127,3,0.536,A,0
-1.12,2,-1.909,B,1
0.69,0,-0.037,A,1
-0.05,1,-1.055,A,0
-0.298,3,0.197,A,1
-0.607,3,0.666,B,0
0.451,1,0.057,B,0
0.678,2,-0.653,B,1
-0.88,1,-1.316,B,0
-0.524,2,-0.037,B,0
-0.188,2,-0.407,A,0
0.321,3,0.336,A,0
0.308,0,-0.431,A,1
-0.102,3,1.402,A,1
0.708,1,0.047,B,1
-0.136,2,0.919,A,0
-1.397,0,-0.499,A,0
1.337,3,0.735,A,1
0.98,5,0.624,A,1
-1.377,0,-0.681,B,0
0.179,2,-1.497,A,0
1.301,4,1.268,B,0
-0.304,1,-0.42,A,0
0.772,3,-0.646,A,0
1.111,2,-0.3,A,0
0.268,3,-0.947,A,0
2.143,6,0.63,B,0
0.65,0,-0.009,B,0
0.102,2,0.052,A,0
-0.167,0,1.138,A,0
-0.047,1,0.1,B,1
-0.564,3,1.576,B,0
-1.113,1,-0.02,A,0
-0.899,2,-1.506,A,0
-0.142,4,-0.887,A,0
0.803,2,-0.727,A,0
0.327,3,0.113,A,0
0.169,3,1.522,B,0
2.12,5,0.189,B,1
1.683,7,-0.229,B,1
-0.913,3,-0.303,B,0
0.704,3,0.545,A,0
-1.187,3,0.415,B,0
0.268,0,0.798,B,0
-1.373,2,-0.704,B,0
-0.607,1,2.251,A,0
0.624,2,-0.345,B,0
-0.454,1,-0.635,A,0
-1.079,3,1.195,A,0
-0.688,0,0.903,A,0
-0.944,1,-0.644,A,1
0.412,1,0.678,A,0
1.203,5,-0.426,B,0
-0.197,1,0.419,A,0
1.03,3,0.235,A,0
-0.573,3,2.546,B,1
-0.101,2,1.39,B,0
1.784,6,1.067,B,1
-0.178,3,0.766,A,0
1.07,3,-1.253,A,0
-0.72,1,0.185,A,0
-0.02,2,-0.439,B,0
-0.858,0,-0.051,A,0
0.066,1,0.086,A,0
0.239,1,-1.715,A,0
0.757,2,-0.284,A,0
-0.579,2,0.127,A,0
-0.167,1,0.925,A,0
1.189,3,-0.784,A,0
-1.209,2,-0.79,B,0
-2.475,0,-0.857,A,0
-0.653,0,-0.318,A,0
0.61,5,-1.128,B,0
0.083,1,1.327,B,0
-0.956,0,0.776,A,0
0.071,1,2.715,A,0
-0.367,3,-0.531,B,0
-1.566,0,0.86,B,0
-0.34,3,-1.214,A,0
0.745,1,1.47,A,0
-0.278,3,-0.215,A,0
-1.513,1,-0.084,B,0
1.726,7,1.275,B,0
-0.993,3,1.215,A,0
0.373,2,-0.98,B,1
0.835,4,-0.106,A,0
0.422,4,1.425,B,1
-0.232,0,-0.368,A,0
-1.816,1,0.306,A,0
1.172,5,0.538,A,1
-1.167,0,1.409,B,0
0.972,2,0.668,A,0
1.111,2,-0.243,A,1
-1.221,1,-1.963,B,0
-1.236,0,0.704,A,0
-0.393,3,0.172,A,0
0.92,2,1.776,A,1
-0.598,0,0.576,A,0
0.094,0,-0.567,A,0
-0.502,0,-1.246,B,0
0.786,5,-0.172,A,0
-0.635,1,0.363,B,1
-0.721,1,0.105,A,0
-1.032,1,-1.262,B,0
-1.063,1,-2.787,A,0
1.064,4,-0.957,B,1
-0.358,1,-2.439,B,0
-0.951,0,-0.982,B,0
-1.671,1,0.241,A,0
-0.27,0,1.446,A,0
-0.821,2,-2.448,A,1
-1.011,0,-1.025,A,0
-0.774,0,0.395,A,0
0.122,0,-0.451,A,0
-1.161,1,0.163,A,0
-0.306,0,0.377,B,0
0.886,5,-0.412,A,0
-0.553,1,1.205,B,1
-1.064,1,2.429,A,0
1.055,2,-1.067,A,0
-0.088,0,0.927,A,0
-0.175,4,2.108,A,0
0.521,2,1.447,A,0
-0.086,1,-0.689,A,0
0.07,2,-0.328,A,0
-1.571,1,-1.733,A,0
-0.839,0,-0.57,A,0
1.862,3,-0.54,A,1
-1.04,1,0.458,B,1
0.069,2,-1.136,B,0
1.742,0,0.072,A,1
0.687,5,0.208,A,1
0.29,6,-0.466,B,0
-0.802,2,0.838,B,0
-0.623,0,-0.452,A,0
-0.309,0,0.325,A,0
0.337,2,-1.299,A,1
1.273,6,-0.778,A,0
0.118,3,0.96,B,0
-0.571,3,-1.671,A,0
-0.097,2,0.753,B,0
0.521,3,-0.327,B,0
0.337,4,-2.032,A,1
-0.249,1,-0.445,A,0
-1.12,0,0.734,A,0
1.077,3,2.307,A,0
-0.262,1,1.866,A,1
0.245,2,-0.93,A,0
-0.677,1,0.799,B,0
-0.702,2,-0.448,A,1
0.497,4,-0.611,A,0
-1.266,1,1.006,B,0
-1.164,6,0.227,B,0
1.509,3,0.231,B,0
0.826,7,-1.677,B,0
0.417,3,-0.966,A,0
-1.073,4,-0.901,A,0
0.221,4,0.513,B,0
-0.074,1,0.732,B,0
-0.442,3,1.735,A,0
-0.09,2,-0.941,B,0
-1.431,1,1.759,A,0
-2.069,3,-0.26,A,0
0.297,1,0.079,B,0
0.162,1,-0.117,A,0
0.252,0,0.253,A,0
0.77,1,0.697,A,1
0.512,1,1.038,A,1
1.485,2,-0.244,A,0
1.179,3,0.089,A,0
0.058,1,-0.911,B,0
0.158,1,0.678,B,0
0.225,2,0.266,B,0
-1.534,1,-0.777,B,0
0.92,2,-1.243,B,0
0.585,0,0.161,B,0
-1.658,0,1.307,A,0
1.55,8,1.586,A,0
-0.428,1,-1.294,B,0
-0.124,2,0.934,A,0
-0.143,1,0.797,A,0
-0.172,1,1.385,B,0
2.395,8,0.476,A,1
-0.261,0,-0.334,A,0
-0.324,1,0.786,B,0
0.019,3,-2.577,B,1
-0.848,0,-0.992,B,0
0.292,0,-0.87,B,0
-0.821,0,-0.673,B,0
0.501,0,-1.52,A,0
-1.043,0,-0.564,B,0
-0.587,0,-0.554,A,0
-1.005,0,-0.264,B,0
-0.532,0,0.284,A,0
-1.787,2,-1.251,A,0
-2.445,1,-0.453,B,0
-0.322,2,-0.092,A,0
-1.536,1,-1.854,B,0
1.734,4,-0.074,A,1
-0.359,3,0.239,A,1
0.709,1,0.758,A,0
0.309,2,-1.32,B,0
-1.063,3,-0.152,A,0
-0.421,2,1.24,A,0
0.741,2,-1.736,B,0
0.676,3,-0.007,A,0
0.866,0,-1.523,B,0
-0.656,0,-0.43,A,1
0.584,2,-0.805,A,0
-0.605,2,0.374,B,0
1.011,2,-0.295,B,0
0.98,5,-1.277,B,1
-1.374,2,1.523,A,0
0.276,3,0.178,B,0
-1.095,0,0.987,A,0
0.828,4,-1.095,A,0
-1.128,1,-0.393,B,0
0.323,2,0.999,A,0
0.739,3,-0.75,B,0
0.067,3,-0.005,B,0
0.862,4,-0.065,B,0
0.293,0,-2.363,A,0
1.567,2,-0.069,B,0
-1.102,2,-0.419,B,0
-0.384,2,-0.166,A,0
-1.92,0,-0.719,A,0
-0.297,1,-1.289,B,0
-1.187,1,-0.814,A,0
-1.387,2,-0.527,A,0
-1.555,0,0.607,A,0
-0.473,0,-0.56,B,0
0.254,1,0.11,B,0
0.478,3,0.201,B,0
1.002,2,-0.541,B,1
0.944,0,0.971,A,0
-1.129,3,-0.375,B,1
-0.743,0,-0.561,B,0
0.193,1,1.105,A,0
0.209,0,0.137,B,0
1.38,1,-2.392,B,0
-0.288,3,-2.659,B,0
0.768,1,1.593,A,0
-0.143,0,0.083,A,1
0.358,1,-0.174,A,1
0.388,4,-2.219,A,0
-0.022,2,-0.146,B,0
-0.976,2,-1.055,A,0
0.277,2,-0.316,A,1
0.643,0,-0.728,B,0
0.107,1,-0.29,A,0
-2.763,0,0.194,B,0
-0.177,0,0.373,A,0
0.679,1,-0.065,A,0
-0.98,0,0.107,B,0
1.066,4,-1.784,B,0
-0.613,2,-0.084,A,0
-0.32,1,0.207,A,0
0.206,1,-0.079,B,0
-0.921,0,1.486,B,0
0.912,2,-0.264,B,0
1.264,5,-1.324,A,0
-1.1,0,-0.0,B,0
-0.186,2,-0.574,A,0
1.893,3,-1.725,A,0
1.099,3,-0.305,B,1
-1.614,2,1.476,B,0
1.167,3,-0.369,A,0
-3.421,2,1.083,A,0
0.615,0,0.718,B,0
-0.857,1,2.367,A,0
0.46,2,0.454,B,0
0.247,4,0.076,A,0
0.134,2,0.089,B,1
0.586,3,0.278,B,0
-0.496,2,-0.26,A,0
-0.599,2,-0.508,A,0
0.931,6,0.461,B,1
0.006,2,-0.633,B,0
-0.57,0,-1.867,B,0
-0.178,4,-1.31,A,1
-0.265,3,1.647,A,1
-0.346,2,-0.319,A,0
0.443,0,0.768,B,0
-0.87,1,-0.698,A,0
1.521,4,0.889,A,0
0.224,4,0.402,A,1
-1.836,2,1.991,A,0
0.275,1,1.317,A,0
-0.93,1,0.736,B,0
-0.028,4,-0.589,A,0
-0.152,4,-1.176,A,0
0.678,2,-0.14,B,0
0.666,6,0.019,B,0
0.221,0,-0.409,B,0
1.91,3,0.705,B,1
-0.725,0,0.078,B,0
1.366,4,-0.002,B,0
1.393,2,1.524,B,0
0.337,2,0.105,A,1
0.459,4,-1.355,A,0
0.951,0,1.024,B,1
-0.316,0,0.21,B,0
-0.506,1,-0.273,B,1
-0.454,4,-0.956,B,0
0.292,1,1.261,A,1
-0.469,1,1.69,B,0
-0.722,2,-0.672,A,0
-1.036,0,0.298,A,0
-0.984,7,0.439,A,1
-0.64,1,-1.744,B,0
-0.617,3,-0.044,B,0
0.107,1,-1.741,A,1
-0.776,3,-0.018,A,0
0.492,0,2.263,A,1
1.968,5,-1.449,B,1
1.25,5,1.876,B,1
-1.061,1,1.776,A,0
-0.299,1,-0.006,A,0
-1.271,0,0.515,A,0
0.195,1,-0.283,B,0
0.253,0,-0.447,B,0
0.174,3,0.203,A,0
-1.049,0,-0.775,B,0
-0.65,1,0.473,A,0
0.956,4,0.042,A,0
0.397,2,-1.067,A,0
-0.868,1,0.71,B,0
-1.284,0,0.736,A,0
-0.073,4,1.123,B,0
-0.123,2,-0.48,B,0
-1.286,1,1.029,A,0
-0.308,2,2.167,B,0
-0.485,4,0.03,A,0
-0.587,1,0.119,A,0
-0.428,0,0.679,A,0
0.274,1,-2.166,A,0
0.09,2,-1.366,B,0
1.255,2,-0.551,A,0
0.198,3,-0.341,A,0
0.805,4,0.112,B,0
-1.324,2,0.267,A,0
0.152,3,-1.373,B,0
-0.372,4,1.152,B,0
0.724,3,0.333,B,0
0.254,2,0.06,A,0
1.575,1,0.491,A,0
-0.932,0,-0.615,B,0
-0.711,1,-0.239,A,0
0.341,0,-1.083,B,0
-0.13,1,-2.204,A,0
-0.944,0,-0.236,B,0
0.373,1,1.725,A,0
-0.495,2,-0.569,A,0
0.451,4,-1.557,B,1
-1.7,1,0.565,B,0
-0.293,1,-0.479,A,0
0.157,2,0.437,B,0
0.169,2,0.661,A,0
0.699,4,-0.507,B,0
-0.244,1,0.415,B,0
0.448,2,-0.035,A,0
-0.069,2,-1.968,B,1
0.733,2,-0.525,B,0
-1.538,2,-0.83,A,0
-2.604,0,-1.508,B,0
1.254,6,-0.847,B,0
-0.569,0,0.671,B,1
-1.703,1,0.014,A,0
-0.161,2,-1.856,A,0
-0.519,4,-1.111,A,0
0.369,1,0.015,B,0
0.492,6,-0.003,B,0
-0.417,1,-0.32,A,0
0.929,1,0.753,B,0
-1.211,1,0.369,B,0
-2.351,0,-0.571,A,0
0.148,1,-0.675,A,0
-0.258,1,-0.202,B,0
-1.895,1,-2.084,A,0
0.609,4,0.292,A,0
-1.698,3,-1.256,B,0
-0.112,4,1.21,B,0
0.767,1,-1.712,B,1
0.257,3,0.37,A,0
0.2,3,-1.991,A,0
-0.474,0,-0.646,A,0
0.168,3,0.396,A,0
0.509,1,0.917,A,0
-0.645,2,0.867,B,0
-1.131,1,0.687,A,0
0.788,4,0.798,A,0
1.852,6,0.883,B,1
1.495,3,-0.566,B,0
-2.626,0,-0.388,B,0
1.251,1,0.67,A,0
-0.634,0,1.087,B,0
1.801,9,-0.169,B,0
-1.039,0,-0.557,A,0
-1.128,0,-0.59,A,0
-0.05,1,-0.853,A,1
-0.402,2,0.444,B,0
-0.352,1,1.108,A,0
0.943,4,0.459,B,1
1.237,5,-0.044,B,0
-0.944,2,1.892,A,0
1.64,3,-0.019,B,0
-1.231,3,1.369,A,0
-0.604,2,-1.098,B,0
2.533,2,0.209,B,1
0.37,2,-0.989,A,0
-0.657,1,-0.927,A,0
0.264,1,-0.814,A,0
0.706,2,0.061,B,0
0.337,2,-0.464,A,0
1.28,8,-2.071,A,0
-0.865,1,-0.436,A,0
-0.654,2,-0.626,A,0
-0.89,0,-1.749,A,0
-0.831,2,0.453,A,0
0.042,2,0.665,A,0
-1.064,1,0.617,B,0
0.291,2,1.703,A,0
0.633,1,-1.122,A,1
-1.223,0,-1.097,A,0
-0.63,1,-0.034,A,0
-0.51,1,-0.119,A,0
-0.219,1,0.134,B,0
-0.165,2,0.836,A,0
0.905,1,-0.256,A,0
0.98,4,1.033,A,1
-0.808,0,-0.771,B,1
0.692,3,-0.507,A,1
1.375,5,-1.111,B,0
1.21,3,-3.411,A,0
0.205,1,-1.75,B,0
-0.054,2,0.895,A,0
-1.404,0,1.103,A,0
-0.413,2,-1.279,A,0
-1.494,0,0.931,A,0
1.14,1,-2.428,B,0
-0.264,4,-1.031,A,0
-0.086,2,-0.468,B,0
-0.617,2,1.054,A,0
-1.41,0,1.806,A,0
0.713,0,-0.463,A,1
0.502,2,-0.068,B,0
0.934,2,1.041,B,1
-1.752,0,2.248,B,0
1.319,5,1.188,B,1
-0.126,1,-1.21,A,0
0.777,2,0.876,A,0
-2.636,1,-0.646,B,0
0.41,1,1.401,A,1
-0.074,0,0.633,B,0
-0.221,2,-1.023,B,0
-0.098,1,1.105,A,0
-0.596,3,0.529,A,0
-1.412,1,0.398,A,0
-1.264,2,0.03,A,0
0.027,5,-0.524,A,0
1.311,2,0.617,A,0
1.107,3,2.202,B,0
0.23,5,1.908,A,1
-0.489,1,-0.184,B,0
2.063,3,-2.104,B,0
0.681,2,-0.548,B,0
0.595,2,0.146,A,1
-1.332,0,0.285,A,0
0.256,2,0.898,A,0
-1.238,0,0.726,B,0
2.082,2,0.741,B,1
-0.841,2,-0.633,A,0
-0.607,0,-0.523,A,0
-0.649,3,-1.081,A,0
-0.37,3,0.26,A,0
0.67,3,0.865,B,1
0.003,1,1.069,B,0
0.042,1,-2.508,A,0
0.719,4,0.471,A,0
-1.517,2,-1.042,A,0
0.748,4,0.59,A,0
0.135,4,-1.049,B,1
-0.703,3,0.735,B,0
0.132,1,-0.647,B,0
0.113,1,-0.626,B,0
-2.624,1,0.804,B,0
1.375,5,-0.552,B,0
1.209,6,0.959,B,0
-1.306,0,0.742,A,0
-0.756,2,-0.111,A,0
1.354,1,-0.454,B,0
0.664,2,1.276,A,0
0.389,1,0.83,A,0
0.436,4,1.642,A,0
0.374,2,-1.743,A,0
-1.065,1,-0.289,A,0
-0.565,2,-0.455,B,0
0.997,2,0.512,A,0
0.656,1,-0.949,A,1
0.284,0,-0.808,B,0
-0.648,1,0.041,A,0
0.989,2,-1.876,A,0
-0.967,1,-2.012,A,0
1.481,3,-0.115,B,1
-0.725,0,2.654,A,0
-0.872,2,0.114,A,0
0.03,1,-0.377,A,0
0.213,0,0.431,A,0
0.097,3,0.578,A,0
-1.323,0,-0.128,A,0
0.422,2,-0.676,A,0
0.979,4,-1.568,B,0
-0.081,4,0.901,A,1
-1.546,2,-0.471,B,0
-0.211,1,0.474,B,1
-1.133,0,1.057,B,0
-1.932,3,-0.307,B,0
-0.548,5,-1.465,B,0
1.624,1,-0.226,A,0
-0.083,1,-0.156,A,0
-0.273,3,0.495,A,1
0.71,5,-0.572,B,0
0.611,2,-0.623,A,0
-1.466,1,-0.386,A,0
1.869,6,0.372,B,1
0.198,1,0.9,A,0
0.907,4,2.333,B,1
-0.595,3,1.929,A,0
-1.955,1,-0.134,A,0
-0.117,1,-0.719,A,0
-1.102,1,-0.623,A,0
1.171,4,-1.313,A,0
-1.417,0,0.124,B,0
0.027,2,-0.99,B,0
0.599,4,-1.107,B,0
0.425,2,-1.041,A,0
-0.501,0,0.888,B,1
-1.78,2,-0.083,A,0
-1.507,0,-1.363,A,0
-0.757,1,0.881,A,0
-1.41,1,1.191,A,0
-0.075,3,-0.46,B,0
-0.763,3,-0.784,B,0
-1.293,0,-0.872,B,0
-1.423,1,0.265,A,0
-1.592,2,0.912,B,0
-0.056,0,0.169,B,0
-0.734,1,-1.346,B,1
0.026,0,1.064,A,0
-0.077,1,-0.054,A,0
-0.203,1,-0.201,A,0
0.647,0,0.431,B,0
-1.473,2,1.043,B,0
0.653,6,-1.139,B,1
0.393,2,-1.342,A,0
-0.198,3,-0.048,A,0
-0.808,0,-0.036,B,0
0.04,2,0.902,A,1
0.449,4,1.268,B,0
-1.4,1,-0.503,A,0
0.61,0,0.328,B,1
1.739,7,0.459,B,1
-0.065,4,0.557,B,1
1.303,3,-1.621,A,0
0.475,4,0.522,B,0
0.263,1,-0.831,A,0
-0.701,0,0.572,A,0
-0.341,4,-1.157,A,0
-0.981,2,0.059,B,0
0.943,5,-0.31,A,1
-0.745,1,2.13,A,0
1.762,4,-0.897,B,0
0.438,6,-0.972,B,0
0.394,2,1.464,A,0
-1.324,2,0.847,A,0
0.665,3,0.238,A,0
-0.22,0,-0.52,B,1
-0.564,1,-1.193,B,0
-0.656,1,-0.474,A,0
-1.241,1,-0.58,A,0
0.01,3,-0.745,A,0
-0.167,1,-0.557,A,1
-1.314,2,-0.603,A,0
0.515,2,0.92,A,0
2.128,1,-1.436,B,0
-1.424,2,0.351,A,0
-0.113,3,0.226,A,0
1.658,2,-0.107,B,0
-0.777,3,0.626,A,0
0.44,3,0.388,A,1
0.393,2,0.06,A,0
0.658,3,1.063,A,1
1.833,3,-2.496,B,0
-1.79,1,2.151,B,0
0.191,6,1.134,A,0
-0.501,0,1.687,A,0
-0.04,2,-0.911,A,0
0.045,0,0.038,A,0
-0.294,0,0.28,A,0
-1.087,0,-0.401,A,0
-1.019,0,0.151,B,0
2.126,2,0.235,A,0
-1.382,4,-1.227,B,0
1.227,2,0.715,B,0
-1.035,0,0.633,B,0
0.095,1,-0.703,A,0
1.968,3,-1.324,A,0
0.795,3,0.104,B,1
-1.438,0,-0.844,B,0
-0.337,1,0.269,B,0
-0.026,2,-0.793,A,0
1.031,4,1.498,A,0
0.047,3,-0.687,A,1
-0.159,0,-0.894,A,0
1.72,5,0.024,A,0
1.58,5,-1.599,B,0
0.699,6,-0.866,B,1
-0.626,4,-1.656,A,0
-2.651,0,0.212,B,0
-1.279,2,0.928,B,1
-1.544,2,-0.43,A,0
-0.061,5,1.254,B,1
0.938,0,-0.85,A,0
1.976,3,-0.466,A,0
1.274,8,0.895,A,1
-0.71,1,0.716,B,1
0.254,8,0.456,A,0
0.402,1,1.11,A,0
-1.559,0,-0.051,B,0
-0.874,2,0.303,B,0
-0.431,3,-0.681,B,0
2.13,7,1.926,A,1
0.386,0,-0.45,B,0
-1.315,0,-0.213,A,0
-0.425,0,0.21,A,0
0.449,3,0.667,A,1
-0.251,2,0.657,A,0
-0.356,2,-2.709,A,0
0.732,0,1.767,B,1
1.401,3,1.61,B,0
1.216,0,1.252,A,1
-0.3,1,0.147,B,0
-0.165,3,1.248,B,0
-0.309,1,0.262,A,0
1.056,6,0.25,A,1
-0.389,2,0.698,B,0
-1.923,1,0.543,A,0
0.482,1,1.024,A,0
0.529,3,-2.152,A,0
-0.405,0,-0.089,B,1
1.853,4,-1.221,A,1
-0.542,4,0.931,A,0
1.418,3,-0.912,A,1
-1.339,3,-0.283,A,0
0.276,0,0.936,B,0
-0.809,1,1.308,A,0
-0.073,5,0.883,B,1
0.762,7,0.753,A,0
-0.57,1,-1.187,A,0
-0.698,2,-1.017,A,0
-0.223,1,-1.34,A,0
3.76,5,-1.056,A,0
0.202,1,0.158,A,0
0.143,1,1.006,A,0
0.435,2,1.002,B,1
-1.716,0,-1.852,B,0
0.921,2,-0.036,A,0
0.711,1,-0.274,A,0
-1.784,2,-2.317,A,0
2.404,7,0.83,A,1
0.003,3,0.802,A,0
-1.117,1,-0.608,B,0
0.314,2,-0.31,B,1
-0.909,2,0.145,B,0
-1.61,1,0.414,B,0
-0.273,0,-0.649,B,0
-0.228,3,-0.859,B,0
-1.575,1,-1.086,A,0
-0.78,0,1.489,B,0
-1.033,1,1.22,A,0
-0.357,1,-1.092,A,0
0.648,3,-0.896,A,0
0.141,1,-1.061,A,0
-0.033,0,-1.485,B,0
-1.825,2,1.951,A,0
-0.028,0,-0.734,A,0
-1.088,0,0.76,B,0
-1.718,2,-0.339,B,0
0.878,4,-0.22,B,0
-1.331,1,-0.289,B,0
0.094,2,0.367,A,1
-0.487,0,-0.185,A,0
-0.954,0,0.745,A,0
1.22,4,1.155,A,0
-0.6,1,-0.62,B,0
-0.533,0,0.204,B,0
-0.735,1,-1.634,B,0
0.176,1,-0.522,A,0
-0.16,1,0.018,A,0
-0.702,4,-0.199,A,0
-0.923,0,-0.109,A,0
-0.041,4,0.517,A,0
-0.65,2,0.725,A,0
1.725,3,-2.126,A,0
-0.525,0,0.183,A,0
0.334,2,-0.315,B,0
-0.091,3,-0.482,A,0
-0.289,0,1.396,A,0
0.899,4,-1.757,B,0
0.58,6,-0.053,A,0
0.561,5,1.439,B,0
0.55,2,0.072,B,0
-1.614,0,-0.95,A,0
0.441,4,-0.216,A,0
-0.247,1,1.771,A,0
-0.513,4,1.172,B,0
3.46,13,-0.518,A,1
-1.474,1,1.535,B,1
-0.091,3,0.637,B,1
-0.171,0,-2.542,B,0
-0.082,2,-0.106,B,1
-1.014,3,1.825,A,0
0.225,2,-0.157,B,0
-1.124,0,1.521,A,0
0.284,2,-1.434,A,0
0.157,1,-1.309,B,0
-0.244,2,1.133,A,0
-0.073,0,0.852,B,1
1.584,1,-0.026,A,0
0.578,4,0.869,A,0
0.173,2,-0.593,A,0
0.425,2,-1.126,A,0
0.04,0,0.387,B,1
0.552,2,-0.287,A,0
-0.606,2,0.417,A,0
2.211,9,0.206,A,1
0.188,1,-0.335,A,0
2.826,8,1.884,A,1
2.217,7,-1.038,A,1
-0.504,2,0.153,B,1
0.24,6,-0.093,B,1
0.366,2,0.307,A,0
0.934,4,0.047,B,0
0.131,4,1.08,B,0
1.207,4,0.313,B,1
-1.759,1,-0.651,A,0
-0.61,1,-1.027,B,0
-0.191,1,-0.769,A,1
-0.667,3,-0.813,A,0
-1.732,0,0.679,B,0
0.884,0,-0.083,A,0
-1.107,1,0.395,B,1
-0.674,0,-1.378,A,0
0.755,6,-0.316,A,1
1.224,1,0.483,B,0
-0.566,2,1.04,A,0
-1.037,2,-1.485,A,0
-0.813,2,1.568,A,1
1.115,2,1.441,A,1
1.171,3,1.018,A,1
0.337,4,1.265,B,0
0.247,3,-0.378,B,0
-1.319,0,-0.798,A,0
0.465,4,0.085,A,0
0.786,6,0.301,A,0
0.165,1,-0.625,B,0
0.202,5,0.589,A,0
-1.032,2,1.41,A,0
1.168,0,0.895,B,0
-1.359,1,0.047,A,0
-0.017,5,-2.44,B,0
0.458,0,-1.536,A,0
1.141,3,-0.094,A,1
1.054,4,0.642,B,0
1.139,3,-1.422,B,0
-0.302,2,0.096,A,0
2.324,6,0.711,A,1
1.088,2,-0.065,B,0
-0.353,1,-0.621,A,0
-0.288,0,-1.483,B,1
0.76,5,0.773,A,0
-0.467,0,-0.654,B,0
-1.277,1,1.646,B,0
0.083,3,0.177,B,0
-2.272,1,0.369,A,0
0.358,1,0.833,B,1
0.638,5,-0.364,A,0
-0.266,2,0.47,A,0
1.15,4,-0.646,B,0
0.852,0,-0.801,A,0
-1.019,2,-0.911,A,0
0.044,3,-0.489,B,0
-0.519,0,2.058,B,0
-0.323,1,-0.904,B,0
1.146,2,0.614,A,0
0.625,4,-0.227,A,0
-0.718,1,-1.136,A,0
0.224,2,0.791,B,0
-0.756,2,-0.503,A,0
-0.485,0,-0.446,B,0
1.539,3,1.083,B,1
2.547,7,-0.262,B,1
1.779,2,0.224,A,1
0.277,4,-0.028,A,1
0.184,4,-0.094,A,0
1.019,2,-1.32,A,0
0.102,0,0.858,B,0
-1.426,3,0.222,B,0
1.819,3,0.814,A,1
-1.188,3,0.115,A,0
1.208,4,1.056,A,0
0.76,4,0.152,A,0
1.86,2,1.372,B,1
0.863,2,-0.906,B,0
-0.588,0,-0.791,B,0
1.085,0,1.787,A,1
-0.363,1,0.827,B,0
-0.977,1,1.866,A,0
-1.832,1,0.613,A,0
-0.124,3,-0.278,B,1
-1.689,1,1.867,A,0
1.437,7,-1.819,B,0
-1.571,3,0.8,A,0
-0.38,2,-2.54,B,0
-0.337,0,1.506,B,0
0.172,2,-1.028,A,0
-0.867,0,-0.306,A,0
1.135,1,-0.967,A,0
0.163,2,0.592,B,0
-0.018,1,-0.185,A,0
-0.65,3,1.382,B,0
0.55,4,-0.659,A,0
1.397,4,-1.181,B,1
2.695,8,-0.471,B,1
-0.941,1,1.638,B,0
-0.136,1,1.043,A,0
-1.907,5,1.157,B,0
0.68,3,-0.551,B,0
-1.365,0,-1.32,B,0
0.275,3,1.422,B,1
1.235,4,-1.378,A,0
-0.412,1,0.006,A,0
-0.932,1,-0.665,A,0
1.318,5,0.075,B,0
0.711,1,-1.709,B,1
-1.13,1,0.851,A,0
0.14,2,1.371,A,1
-0.854,2,1.045,A,0
1.061,1,-1.113,B,0
0.123,2,0.434,A,1
1.528,4,-0.171,B,0
-0.932,3,-0.001,B,0
0.227,1,1.659,A,0
-0.012,4,-0.435,B,0
0.255,4,0.679,B,1
-0.566,2,-1.745,B,0
-2.251,1,0.072,A,0
0.679,4,0.931,B,0
0.054,1,-0.15,A,0
-0.831,0,0.615,A,0
-0.502,0,-0.811,A,0
-1.169,0,-0.466,A,0
-1.858,0,-0.135,A,0
1.039,7,-0.542,B,1
0.572,3,0.898,A,0
-1.351,1,1.093,B,0
2.525,11,0.648,B,0
-1.127,2,-2.532,A,1
0.715,5,-0.318,A,0
0.004,0,0.842,A,0
-1.263,0,-0.164,B,1
0.35,0,-0.223,B,0
-0.184,2,0.935,B,0
-0.637,2,0.987,B,1
1.319,2,0.599,A,0
0.624,3,-1.488,A,0
0.719,2,-1.119,A,0
-0.215,2,0.393,A,1
0.352,0,-2.08,B,0
-0.027,3,1.64,B,1
0.499,4,0.136,B,0
-0.972,1,-0.704,A,0
-2.374,1,-0.532,A,0
1.356,4,1.207,B,1
-0.015,3,-1.26,A,0
0.572,3,-1.923,A,0
-0.684,2,-0.993,A,0
-0.224,1,0.295,A,0
1.52,9,1.602,A,1
0.364,1,1.217,A,0
2.205,6,-0.436,A,0
0.892,5,0.283,A,0
-0.668,3,0.348,A,0
0.442,3,0.222,B,1
1.682,2,-1.969,A,0
0.22,5,-0.314,A,0
0.645,2,0.79,B,1
1.413,4,1.866,B,1
-2.345,0,0.398,A,0
0.701,3,1.093,A,0
1.347,5,0.883,B,0
-0.768,0,-0.38,A,0
1.045,2,-1.336,A,0
-0.005,2,1.132,A,0
-1.692,0,1.852,B,0
0.791,3,-0.422,A,0
-0.01,1,1.192,B,0
-0.074,2,0.15,B,0
0.646,4,-1.38,A,1
-0.949,1,0.047,B,0
0.772,0,-0.568,A,0
-0.912,0,0.443,B,0
1.513,4,0.399,A,1
1.139,3,-0.645,A,0
1.538,3,-1.308,B,0
0.464,4,-0.458,B,0
-0.424,2,1.55,A,0
-0.721,0,-1.174,B,0
-0.781,1,0.725,A,0
-0.173,1,0.599,A,0
-0.686,0,-0.552,A,0
0.325,2,-0.843,B,0
-0.805,1,0.594,A,0
-0.622,2,-0.028,A,0
-0.381,2,-0.503,A,0
-0.776,2,0.472,B,0
-0.342,2,1.626,A,0
0.584,4,1.24,A,1
-0.884,2,0.129,B,0
-1.204,0,-3.38,B,0
-0.178,3,-0.239,A,0
-1.139,1,-1.004,B,0
1.337,6,-0.204,A,0
-0.699,1,-0.349,A,0
0.048,3,-0.316,A,0
0.454,3,1.076,B,0
-1.262,0,-0.228,B,0
-0.845,0,-0.271,B,0
-0.63,0,0.477,B,0
0.782,2,-1.058,B,0
1.832,2,-0.338,B,0
1.856,5,-1.37,A,0
1.273,4,0.623,B,0
-1.24,1,0.232,A,0
-0.876,0,2.069,A,0
1.387,5,-1.634,A,1
1.526,2,0.97,B,0
0.796,2,-1.753,B,1
0.806,5,-0.996,A,0
-0.429,1,-2.146,B,0
1.716,6,0.069,B,0
-0.731,1,0.273,B,0
-1.611,0,-0.322,B,0
0.801,4,-2.185,A,1
-0.583,0,-0.533,A,0
-1.299,3,0.129,A,0
0.878,0,-0.915,A,0
-1.828,1,-0.028,A,0
0.454,3,1.081,A,0
-0.447,1,-0.574,B,0
1.601,2,-1.087,A,0
0.457,2,-0.081,B,1
1.074,3,1.816,A,1
-1.084,0,0.505,A,0
-1.694,0,-1.509,B,0
-0.362,1,1.356,B,0
0.612,2,-0.414,B,0
0.071,1,-0.234,B,0
1.151,4,-1.289,B,1
0.546,2,0.148,A,0
-1.049,0,-1.954,A,0
0.465,2,-1.127,B,0
0.172,1,0.608,A,0
1.271,1,0.127,A,0
-0.926,0,-0.754,B,0
-0.663,2,-0.194,A,0
0.397,2,0.697,B,0
1.414,4,0.383,A,0
-0.199,1,0.662,A,0
0.597,1,-1.188,A,1
0.035,2,-0.708,A,1
-0.042,0,1.935,A,0
1.152,4,-0.397,B,1
0.11,4,-0.46,A,0
-0.443,1,0.123,A,0
-0.502,1,0.221,A,0
-0.307,4,-0.997,A,0
-0.692,2,-2.489,A,0
-0.238,2,-0.322,A,0
0.059,1,-0.019,B,0
0.287,1,-1.769,B,0
-0.985,0,0.267,A,0
-0.421,5,0.336,A,0
-0.372,1,0.973,A,0
-0.763,0,-1.098,B,1
-0.579,0,0.367,A,0
0.901,6,0.552,A,0
1.364,3,1.478,B,1
-0.313,3,0.852,A,0
-0.711,1,1.056,A,0
-0.081,5,0.152,A,0
0.084,3,-0.452,A,0
0.692,1,1.27,A,0
-0.396,2,-1.269,A,0
-0.542,3,1.526,A,0
2.452,5,0.792,A,1
-1.294,1,-0.336,A,0
0.901,0,-1.589,B,0
1.49,1,-0.07,A,1
-0.254,0,-0.635,B,1
0.44,1,-1.583,B,0
-1.677,0,-0.572,B,0
0.025,0,0.903,B,0
1.16,0,-0.01,B,1
0.12,4,-0.241,B,0
0.038,2,-1.568,A,0
1.734,3,-0.182,A,0
0.819,3,1.574,A,0
0.708,2,0.038,A,0
-0.811,1,-0.362,A,0
-2.445,0,0.748,B,0
0.373,0,1.265,B,0
0.006,2,1.38,A,0
0.763,1,0.344,A,0
0.125,1,-1.642,B,0
0.044,2,0.992,A,1
0.031,3,-0.392,A,0
-1.11,2,-0.527,B,0
-1.845,0,-0.974,B,0
-0.886,1,0.542,A,0
-1.103,1,0.957,B,0
-0.046,2,-0.668,A,0
-1.633,3,0.643,B,0
-0.476,1,1.099,A,0
1.929,6,0.366,A,0
-0.075,0,0.001,A,1
0.048,1,-0.152,A,0
0.016,1,-0.656,A,1
0.212,1,0.761,A,0
-0.526,2,1.139,B,1
-0.165,1,0.132,B,1
-0.542,2,-0.445,A,0
-1.493,1,0.492,A,0
1.173,1,-0.903,A,0
-0.882,0,1.257,A,0
1.601,1,1.141,A,1
-0.765,1,0.497,A,0
-1.359,1,-0.428,B,0
1.936,8,-0.192,B,0
-1.48,0,-1.74,B,0
-2.265,0,-0.766,A,0
-1.446,0,0.735,B,0
-0.138,3,-0.773,B,0
-1.338,4,2.387,B,0
-0.563,3,-0.496,A,0
-2.033,2,-0.928,A,0
1.087,1,0.337,A,0
0.42,4,0.382,A,1
-1.266,2,1.365,B,0
-2.316,0,-0.256,B,0
-0.904,0,-0.888,A,0
0.65,1,-0.583,A,0
1.077,4,1.203,A,0
-0.236,1,1.641,A,0
-0.501,0,-0.596,A,0
-0.579,4,-0.15,A,0
0.304,1,1.383,A,0
0.882,1,0.735,B,0
-0.143,3,-0.589,A,0
-0.374,3,-1.187,A,0
0.781,0,-0.677,B,0
1.494,3,0.823,A,0
-0.287,2,-1.519,A,1
0.085,1,0.176,B,0
-0.751,0,-0.393,A,0
0.08,2,-0.759,A,0
-0.927,0,-0.514,B,0
1.422,3,0.848,B,0
0.886,4,0.506,A,1
1.737,2,1.008,A,0
-0.56,0,-0.84,A,0
2.07,6,-1.706,A,1
0.245,1,0.157,A,0
-0.134,1,-0.04,A,0
1.258,4,-0.518,A,0
-1.021,1,-2.007,B,0
0.034,0,0.834,A,0
-0.156,3,-2.978,B,0
0.418,3,0.684,A,0
-0.444,0,0.638,A,0
-0.539,3,0.576,B,0
-0.381,1,-0.094,A,0
-0.29,1,-2.303,B,0
0.079,2,-1.634,A,0
1.288,4,-0.864,A,1
-2.156,2,1.82,B,0
0.766,2,0.926,A,0
-0.472,0,-0.211,B,0
-0.179,1,-0.643,A,0
-1.087,0,0.103,B,0
0.046,2,0.817,A,0
-0.391,1,0.271,A,0
-0.225,2,-1.421,A,0
0.583,3,1.406,B,1
0.635,1,0.452,B,0
1.42,4,-0.536,A,1
-0.592,2,0.323,A,0
0.682,2,1.185,A,0
0.634,3,0.356,B,0
0.088,1,0.412,A,0
1.685,3,1.504,B,0
-0.638,1,-0.653,B,0
0.151,4,-0.985,A,0
0.305,0,-0.47,A,0
-1.198,0,0.842,B,1
1.265,6,0.958,A,0
-0.107,2,0.161,A,0
0.437,3,-0.847,B,0
1.58,8,1.78,A,0
0.215,3,-1.161,A,0
0.04,1,-0.458,A,0
0.066,2,-0.704,B,1
-1.005,1,1.061,B,0
-0.381,2,-0.177,B,0
-0.151,1,1.645,A,1
0.098,3,0.801,A,0
1.379,3,-0.931,B,0
0.929,1,-0.317,B,1
-0.588,0,-0.534,A,0
-0.023,2,1.384,A,0
1.401,1,0.846,B,1
-1.724,1,-1.586,B,0
-0.227,0,0.525,A,0
-1.306,1,-0.063,B,0
2.443,8,-1.275,A,0
0.772,5,-0.827,B,0
-0.496,1,-0.216,B,0
-0.036,4,-2.213,B,0
-0.822,0,0.221,A,0
1.991,9,0.085,A,0
-2.293,1,-0.254,A,0
0.327,1,0.036,A,0
-0.071,3,-0.226,A,0
-1.029,1,-1.124,B,0
-0.251,2,-0.641,A,0
-1.621,2,-0.777,A,0
1.57,5,0.63,B,1
0.026,2,-1.065,A,0
0.915,7,-0.553,B,0
-0.485,3,0.027,A,0
1.345,8,-1.524,B,1
0.035,2,-0.456,A,0
1.073,3,0.023,A,0
0.567,1,0.154,B,1
-0.034,2,0.338,B,1
1.0,3,-0.773,A,0
4.185,14,-1.105,A,1
-1.131,1,-0.479,A,0
-0.121,4,0.183,B,0
-1.294,0,-0.302,A,0
0.415,3,-1.128,A,0
0.226,3,2.204,B,1
1.943,1,-0.801,A,0
-0.257,0,-1.337,A,0
0.952,7,-0.705,A,1
-2.08,0,0.863,B,0
0.152,0,0.569,A,1
-0.87,0,1.784,B,0
0.592,4,-1.012,A,0
1.151,1,-0.302,A,0
-0.6,1,1.013,A,0
0.541,2,-1.049,B,0
-0.357,0,1.159,A,1
0.047,0,0.035,A,0
0.411,3,-0.799,A,0
-1.004,1,-1.716,A,0
-0.999,0,0.522,A,0
0.867,2,1.476,A,0
-0.677,4,0.34,A,0
1.28,4,0.397,B,0
-1.775,2,0.264,A,0
0.935,2,0.922,B,1
0.008,1,1.227,A,0
-0.094,2,-2.884,A,0
0.147,2,-0.32,B,0
-1.446,0,-0.618,A,0
1.122,8,0.189,B,1
-0.43,2,-0.396,B,0
-0.834,3,0.445,A,0
2.165,4,0.334,A,0
-0.349,2,-1.916,A,0
-0.864,1,-2.177,B,0
0.813,4,0.756,A,0
0.263,1,-0.831,B,0
1.01,1,1.719,B,0
0.083,0,0.852,A,0
0.955,2,-1.788,A,1
2.052,3,-0.797,B,0
-0.758,1,0.24,A,0
-0.459,3,-0.446,A,0
-1.603,0,-0.173,B,0
0.38,3,-1.108,B,1
0.125,2,0.345,A,1
1.263,5,0.02,A,0
-0.029,5,0.756,B,0
-0.084,1,-0.048,A,0
0.196,4,-0.629,A,0
-0.234,1,0.137,A,0
0.368,3,0.363,A,1
0.226,0,0.002,A,0
0.539,0,1.228,A,1
-0.228,1,-1.086,B,0
0.55,0,0.909,A,0
0.617,2,-1.219,A,0
-0.326,1,0.653,B,1
-0.082,3,-2.055,A,0
-0.176,3,-0.299,B,0
-1.227,2,0.954,B,0
-0.486,2,-0.415,A,0
0.761,3,-0.104,B,0
0.846,4,0.263,A,0
0.339,3,-2.337,A,0
-1.013,0,0.282,B,0
0.979,1,-0.971,B,0
1.852,3,0.923,A,0
0.593,4,-0.124,B,1
-0.003,0,0.243,A,0
-0.864,2,-1.221,B,0
-0.014,1,0.763,A,0
-0.495,5,-0.07,A,0
-0.199,3,-1.552,A,0
1.289,3,-0.558,B,1
0.883,7,0.62,A,0
-0.343,1,0.083,A,0
0.088,1,0.658,A,0
-0.005,0,-0.416,A,0
-0.433,3,1.157,A,0
-1.343,3,1.356,A,0
0.828,2,-1.808,A,1
1.182,5,0.535,B,1
-0.607,1,1.459,A,0
-0.653,1,0.424,B,0
0.908,1,-0.096,B,1
-0.666,1,-1.38,A,0
-1.387,0,-0.365,A,0
-0.444,2,-0.564,B,1
1.356,8,0.827,B,0
-0.523,0,0.942,A,0
-0.648,2,-0.22,A,0
-0.471,2,-1.004,B,0
-1.151,2,-2.182,B,0
-1.318,2,0.535,B,0
-0.262,4,0.45,A,0
-1.403,2,-2.142,A,0
-0.398,2,0.466,A,0
0.263,2,0.818,A,0
0.377,2,-2.806,A,0
-0.141,0,-1.062,A,0
-1.198,2,2.434,B,0
-0.411,1,0.023,A,0
0.345,1,2.246,A,1
0.621,3,0.193,A,0
-0.273,0,1.075,A,0
-0.704,2,-0.331,A,0
0.083,4,-0.692,A,0
-0.354,3,-1.62,A,0
-1.018,0,0.52,A,0
0.307,1,-0.869,A,0
0.018,2,-0.977,A,0
-1.108,0,-1.576,A,0
-0.631,3,0.02,A,0
-0.19,2,0.75,B,0
-1.524,1,-0.249,A,0
-0.727,0,-0.336,B,0
0.632,5,1.521,A,0
-0.49,1,-1.622,A,0
-0.798,2,1.803,B,1
1.083,2,-1.356,A,1
0.35,3,-0.124,A,0
0.695,4,0.365,A,0
-0.785,2,0.977,A,0
-0.284,3,-1.602,B,0
-0.011,4,0.163,B,0
0.227,3,-0.617,B,0
2.286,3,0.993,A,1
0.084,2,-0.629,A,0
1.084,3,-1.94,A,0
2.288,7,0.364,B,1
1.716,5,-0.033,A,1
0.157,1,1.774,A,0
1.148,2,0.961,A,0
0.128,0,-0.88,B,0
-0.039,3,0.972,B,0
0.841,2,0.096,B,0
0.884,1,0.712,B,0
0.507,5,-0.759,B,0
-0.168,0,-0.38,A,0
-0.483,0,0.65,A,0
-1.207,0,0.73,A,0
0.162,0,-2.107,A,1
0.237,1,0.579,B,0
0.83,5,-0.845,A,0
-1.459,0,0.234,A,0
0.104,1,-1.654,B,0
-0.202,0,0.883,A,0
-0.058,1,0.676,A,1
1.245,6,-0.825,B,0
1.282,3,0.402,B,0
1.016,2,-0.037,B,0
0.094,1,0.605,A,0
-0.189,1,-1.384,B,0
1.204,4,-1.213,A,0
1.71,3,-0.732,A,1
1.599,2,-0.051,A,1
0.489,2,1.632,A,0
0.04,2,0.172,B,0
0.692,4,0.945,B,0
0.755,0,-0.876,A,0
-0.4,0,-0.572,B,1
-0.192,1,-0.676,A,0
3.047,8,-0.198,A,0
-0.4,0,0.667,A,1
0.852,4,-0.336,A,1
-0.514,1,-0.303,A,0
-0.124,0,0.581,B,0
-0.922,0,-0.507,B,0
-0.919,1,-0.774,B,0
0.617,3,-0.336,A,0
0.498,2,1.825,A,0
1.84,7,0.881,B,1
0.026,3,1.898,B,0
0.156,2,-1.302,B,0
-0.043,1,0.39,A,0
-0.973,2,-0.372,A,0
0.589,1,-0.313,B,0
-0.169,1,-1.541,B,0
-1.436,1,1.3,B,0
1.107,5,-1.622,B,0
-0.574,0,0.89,A,0
0.331,2,-0.394,A,0
0.366,1,-0.911,B,1
0.21,0,-0.955,B,0
-1.004,0,0.05,A,0
1.396,1,-0.366,A,1
-0.729,1,0.005,A,0
-2.456,1,-1.986,A,0
0.849,2,-2.065,A,0
0.816,5,-1.821,B,1
-1.195,1,0.802,A,1
-0.006,2,1.448,A,1
1.08,9,-0.264,A,1
1.412,3,0.744,A,0
0.612,1,0.347,A,0
0.827,5,1.169,A,1
0.717,5,1.205,B,0
-0.137,2,-1.236,A,0
-1.089,2,0.193,B,0
-0.261,1,0.857,A,0
1.124,1,0.861,B,0
1.115,2,0.767,B,0
0.203,1,-0.033,B,0
-0.333,3,0.676,B,0
1.735,4,-1.421,A,1
0.124,0,-1.372,A,0
0.637,1,1.509,A,0
-1.207,1,1.088,A,0
-0.056,1,1.583,A,0
1.086,2,-0.154,A,1
-1.369,1,-0.978,A,0
-0.039,3,-0.187,A,0
0.409,3,1.938,B,1
1.428,4,-0.839,B,1
0.976,2,-0.173,B,0
1.693,4,1.218,A,1
0.832,6,0.08,B,0
0.89,3,-0.388,A,1
-0.955,0,0.756,A,0
-0.984,0,-0.477,A,0
1.681,1,0.477,A,0
-0.453,1,-2.414,A,0
-0.542,0,-1.751,B,0
-2.308,0,-0.234,B,0
1.06,1,1.334,A,0
-1.119,1,-0.164,A,0
-0.82,1,-0.052,A,0
1.094,4,0.25,A,1
-2.209,1,-0.412,B,0
1.359,5,-1.609,A,0
-0.829,0,0.689,A,0
-0.147,4,0.266,A,0
-0.776,0,0.343,B,0
-1.33,3,-1.114,A,0
-0.759,2,1.527,B,0
-0.827,1,-0.43,A,0
-1.231,0,1.43,A,0
1.542,5,-2.11,A,1
-0.97,2,-0.426,B,0
-1.887,1,1.523,A,0
-2.064,1,-0.142,A,0
0.436,4,-2.455,A,0
-1.734,0,-0.96,A,0
-0.178,2,0.28,A,1
1.97,6,1.436,A,1
0.182,0,-0.288,A,0
0.324,3,1.095,A,0
-0.53,4,0.395,A,0
-0.013,1,-0.412,A,1
-0.216,2,0.787,A,1
0.309,2,0.96,B,0
1.657,4,-0.287,A,1
-0.427,0,-0.719,A,0
-0.788,2,-1.617,A,0
-0.076,0,0.418,A,0
0.96,1,-0.576,A,1
-0.338,2,0.522,A,0
0.267,3,0.293,A,0
0.511,2,0.352,B,1
2.153,7,-0.164,A,0
0.923,4,-1.276,A,0
-0.873,0,0.473,B,0
-2.191,1,0.838,B,0
0.15,1,2.325,A,0
-0.705,0,-0.594,A,0
-0.486,3,-1.047,B,0
-0.996,2,-1.167,A,0
-0.505,0,-0.05,B,0
-0.525,1,0.803,A,0
-0.116,1,0.891,A,0
-0.673,0,1.569,A,0
-0.717,4,0.385,A,0
0.53,0,-1.2,A,0
-0.003,1,0.24,A,0
0.004,3,-2.099,B,1
-0.049,4,-0.346,A,0
-0.895,1,-0.425,B,0
1.437,3,0.46,B,1
2.032,4,0.44,B,0
1.239,3,-0.739,B,0
-1.764,0,-0.71,A,0
-0.662,1,0.064,A,0
0.708,0,0.476,A,1
-0.75,1,0.736,B,1
-0.701,3,-0.486,A,1
-1.371,3,-0.049,A,0
-0.362,3,-1.042,A,0
-0.822,0,-1.029,A,0
-2.391,1,-1.933,A,0
1.151,5,-0.633,A,0
0.417,2,1.279,A,0
-1.336,3,1.417,A,0
0.868,2,0.567,A,0
0.127,4,1.006,A,0
1.159,8,0.81,B,1
0.734,2,0.173,B,0
-0.775,0,-2.436,A,0
0.669,4,2.266,B,1
0.711,2,-0.207,A,0
1.056,0,-0.212,A,0
0.997,4,1.461,B,0
2.078,5,0.16,A,0
0.953,2,2.518,A,0
-0.785,1,-0.831,B,0
0.177,2,1.036,B,0
-1.049,0,-0.245,A,0
1.209,5,0.1,A,0
-0.856,2,-0.881,B,0
2.231,2,-0.63,B,0
-0.292,2,1.29,B,0
-0.044,1,0.518,B,0
-0.465,0,0.423,B,0
-0.717,1,-1.632,A,0
-0.53,2,-1.604,A,0
0.232,4,-0.923,B,0
0.018,2,-0.396,A,0
-0.427,5,-0.103,A,0
0.306,1,0.316,A,0
-0.543,1,1.022,B,1
-0.005,2,1.47,A,0
1.766,3,0.194,A,0
-0.573,1,-0.846,A,0
-0.303,2,0.73,A,0
-1.155,0,0.184,A,0
-0.338,0,0.467,B,0
0.375,1,1.206,B,0
-0.529,1,-0.388,A,1
-1.134,2,1.456,A,0
0.361,3,-1.425,A,0
0.467,5,0.728,B,0
0.614,3,-0.651,A,0
-1.239,1,0.225,A,0
1.371,2,0.329,A,0
-0.488,1,-0.351,A,0
-1.008,0,-0.641,B,0
1.025,4,-0.85,A,0
1.335,3,0.287,A,0
-0.315,1,0.634,A,0
-0.833,1,1.821,B,0
0.442,0,-0.256,A,0
-1.332,1,-1.535,A,0
2.552,7,0.472,A,1
-1.032,1,-1.739,B,0
0.356,2,1.602,B,0
-0.161,3,0.758,B,0
-0.92,0,-1.008,A,0
-0.936,1,-1.585,B,1
1.128,3,-0.862,A,0
0.367,1,0.531,A,0
-0.696,2,-0.769,B,1
-0.56,0,0.743,B,0
-0.814,1,0.938,A,0
0.881,2,-0.572,A,0
0.922,1,0.884,A,0
0.527,4,1.208,B,0
0.254,2,0.566,B,0
0.627,4,0.545,B,1
-1.649,1,-0.562,A,0
0.275,0,2.031,A,1
1.068,3,-0.982,A,1
0.231,3,-0.443,B,0
0.053,3,0.939,B,1
-0.636,0,-0.376,A,0
-0.569,4,-0.3,A,0
-0.523,1,-1.361,A,0
0.223,0,-0.469,A,0
-0.485,1,2.414,A,0
-1.823,0,-0.36,A,0
0.798,1,1.279,A,0
0.522,1,-0.499,A,1
0.355,3,-1.066,B,1
-0.937,0,-0.779,A,0
-0.492,3,0.725,B,0
0.519,3,-2.182,B,0
0.026,2,1.705,A,0
-0.698,1,0.477,A,0
1.3,2,-0.374,A,0
-0.847,0,-0.794,B,1
-2.985,0,-0.522,B,0
0.087,2,1.151,B,0
0.13,0,-1.578,B,0
0.058,1,-0.055,A,1
0.402,3,1.129,A,0
-0.557,1,-2.026,A,0
1.026,5,-0.628,B,1
-1.366,1,-1.513,A,1
-0.021,0,-1.289,A,0
-0.626,2,0.217,B,0
1.007,0,0.649,B,0
-0.795,2,-0.41,A,0
0.071,1,-1.499,A,0
0.085,2,-0.866,B,0
0.196,4,0.397,A,0
-0.73,0,-0.036,B,0
0.366,3,-1.18,B,0
0.029,1,-0.488,A,0
0.343,1,0.78,B,0
1.574,4,0.201,B,0
0.116,0,-1.045,A,0
-0.995,1,0.255,A,1
1.961,1,-0.562,A,0
0.979,8,-0.646,B,1
0.654,3,0.132,B,0
-0.183,1,-1.098,A,1
0.74,1,-0.44,A,0
-2.057,0,1.047,A,0
1.546,7,2.47,A,1
0.896,2,-1.713,A,0
-0.177,1,-0.878,A,0
0.871,3,1.13,A,1
0.619,5,-1.256,B,1
-1.009,2,-0.128,B,0
0.179,1,1.797,B,0
0.375,3,-0.728,A,0
-0.134,0,-0.251,A,0
-0.219,1,-1.288,A,0
0.901,0,0.686,A,0
0.176,0,-1.789,A,0
1.878,1,-0.691,B,0
-0.653,1,-1.298,A,0
0.409,0,-0.321,A,0
-0.92,2,1.856,A,0
0.677,4,0.386,A,0
-1.114,0,0.239,A,0
0.288,5,0.296,A,0
1.181,1,-0.023,B,1
0.052,3,1.284,A,0
-0.991,0,0.774,A,0
0.945,2,-1.301,B,0
0.36,0,0.975,B,0
-0.085,3,0.235,B,1
-0.968,0,0.455,B,0
-1.61,0,-2.009,A,0
2.252,5,0.001,B,1
-0.573,0,-0.139,A,0
-0.993,0,-0.693,A,0
0.315,2,1.073,A,0
-1.018,0,-1.636,B,0
0.498,2,3.027,A,0
1.351,2,-1.118,A,0
-1.058,3,0.47,A,0
-0.299,2,0.214,A,0
0.431,5,1.168,B,1
-1.218,0,1.671,B,0
-0.911,0,-0.435,A,0
-0.117,0,0.176,A,0
1.961,6,-0.427,B,1
-0.853,1,-0.967,A,0
-0.283,3,0.034,A,0
2.48,7,-0.027,A,0
0.795,2,0.011,A,0
-1.694,1,-0.378,B,0
-0.234,0,0.34,B,0
0.585,0,0.782,A,1
1.447,1,-1.206,B,0
1.393,3,0.617,B,0
0.56,0,1.561,A,1
0.717,1,-1.276,A,0
-1.299,0,0.155,A,0
-0.693,0,0.454,B,0
-1.297,0,0.783,B,0
1.031,2,0.897,B,1
0.377,1,1.204,A,1
0.106,2,0.136,A,0
1.544,6,-0.997,A,0
0.538,2,-0.358,B,0
1.138,3,1.443,B,1
0.756,1,-0.88,B,0
0.854,0,0.519,A,0
-1.043,0,0.845,A,0
0.974,1,0.612,B,0
0.473,3,0.929,A,0
-0.409,3,-0.032,A,0
0.684,3,-0.101,A,0
1.286,1,1.816,A,0
-0.098,2,1.972,B,0
-0.75,2,1.446,B,0
-0.703,1,0.549,B,0
-1.395,2,-0.576,A,0
-0.169,1,0.137,A,0
0.59,2,-0.129,A,0
1.734,3,1.101,A,0
-0.806,0,0.39,B,0
0.359,4,0.584,A,0
0.023,1,-0.033,A,0
-0.009,0,-2.495,A,0
-1.53,2,1.312,B,0
-1.011,2,-0.064,B,0
1.815,3,0.968,B,1
1.009,3,-0.338,B,1
0.283,0,1.622,B,1
0.462,4,-0.535,A,0
0.743,1,-0.071,A,1
-0.448,0,0.016,A,0
-0.407,0,-1.508,B,0
-0.616,1,0.41,A,0
0.169,4,0.827,A,0
-1.151,1,0.42,B,1
-0.664,0,2.317,B,0
0.506,3,-0.891,A,0
-0.353,0,-1.725,B,0
-1.751,1,-1.191,A,0
-0.379,1,0.084,B,1
0.545,1,1.199,A,0
0.116,1,0.175,A,0
-1.69,2,-0.493,A,0
1.032,6,1.497,B,1
-0.246,2,-0.116,A,0
0.339,4,-1.374,A,0
1.045,3,0.999,B,0
-0.124,0,0.645,A,0
-1.909,1,0.238,A,0
1.756,5,1.622,A,1
-2.208,1,-0.104,A,0
-0.333,1,0.28,A,0
1.296,5,-0.976,A,1
-0.697,4,-0.704,B,0
-0.638,2,-0.474,B,0
-0.217,3,0.693,A,0
-0.181,4,-0.676,B,0
-0.86,3,-0.097,B,1
-0.636,1,-0.223,A,1
1.075,1,-0.053,B,1
-0.531,0,-0.764,A,0
0.502,4,-0.207,A,0
-0.913,4,-1.153,B,0
1.384,2,-0.04,A,0
0.938,1,-0.028,A,0
-0.09,3,0.073,A,0
0.641,2,0.559,A,0
1.522,1,1.809,A,0
-1.002,0,-1.659,B,0
-1.056,1,-0.371,A,0
0.374,0,-0.913,B,0
-1.293,1,0.312,B,0
-1.552,2,0.708,B,0
-1.603,1,-1.213,A,0
0.148,2,0.318,B,1
-2.035,0,0.865,B,0
-0.403,2,0.425,A,0
-3.43,1,-0.338,B,0
0.438,0,0.676,A,0
0.505,4,-0.255,B,0
-0.212,1,0.906,A,0
1.182,2,0.353,A,1
0.795,4,-0.188,B,0
-0.791,3,-1.258,A,0
-0.877,0,0.017,B,0
0.884,0,-1.072,B,0
0.685,3,-1.087,A,0
-0.269,1,-0.348,B,1
-1.76,1,-0.076,B,0
0.929,5,-1.194,A,0
0.067,3,-0.165,B,0
-0.058,2,-0.238,B,0
-2.839,0,-0.6,A,0
0.533,1,-0.257,B,1
-0.061,5,0.645,A,0
-0.54,1,-0.388,B,0
-0.837,2,0.581,A,0
0.111,2,-0.08,A,0
0.468,3,1.018,A,0
-0.382,0,0.812,B,0
0.559,1,-0.212,B,0
-1.152,3,-0.681,B,0
-0.652,1,0.485,B,0
0.686,0,-0.525,B,0
-0.404,1,-1.567,A,0
1.717,6,0.736,B,1
0.277,1,-0.612,A,0
-1.168,2,-2.07,B,0
-1.569,0,-0.076,B,0
0.784,2,0.936,B,0
-0.607,1,-0.59,B,1
0.917,1,-0.348,A,0
-0.54,0,0.499,A,0
0.242,3,-0.455,A,0
-0.335,0,-0.104,B,0
0.255,1,0.895,A,0
0.729,0,0.677,B,0
0.019,1,0.226,B,0
0.661,1,-1.667,B,1
-1.699,0,0.584,A,0
0.416,1,-0.395,A,0
0.023,2,0.49,B,0
-0.262,1,-1.517,A,0
-2.391,1,0.938,B,0
-1.669,2,-0.84,A,0
0.227,2,0.431,B,0
0.354,4,0.933,B,0
0.409,2,0.391,B,0
-0.007,1,0.386,A,0
-1.199,1,0.088,B,0
-1.028,1,-1.22,A,0
-2.109,1,1.325,A,0
0.125,4,1.095,A,0
1.906,4,-0.383,A,0
-0.092,3,-3.428,A,0
-0.76,1,1.007,A,0
0.026,4,-1.821,B,0
-0.136,2,0.532,B,0
-1.736,0,-0.729,A,0
0.254,4,0.48,B,0
-0.109,2,-1.007,A,0
-0.171,1,0.006,B,0
1.988,3,-1.706,B,0
-0.101,2,0.015,B,0
1.823,4,-0.004,A,1
-0.827,1,0.718,B,0
-1.51,2,-0.478,B,0
-0.81,1,0.283,A,0
1.173,3,-0.397,B,0
-0.759,0,0.454,A,0
-1.426,3,0.391,A,0
0.34,4,0.88,A,0
-0.383,1,-1.173,A,0
0.574,3,-0.091,A,0
-0.672,3,0.284,A,0
-0.923,3,1.819,B,0
1.659,4,1.983,A,0
-0.833,2,-1.359,B,0
-0.835,1,-0.615,B,0
0.462,2,-2.499,B,0
-2.787,2,2.196,A,0
0.733,3,0.318,A,0
1.788,4,0.581,B,1
0.865,2,-0.316,B,0
-1.041,0,-0.004,A,0
-0.723,1,1.129,B,0
0.064,1,-1.046,B,0
0.365,5,-1.129,B,0
1.614,2,-0.241,A,0
1.569,2,0.01,B,0
-0.215,5,0.555,A,0
-0.531,3,0.02,B,0
-0.782,1,-0.845,A,1
0.644,2,-0.381,A,0
1.08,2,0.177,B,1
0.068,2,0.661,B,0
-0.001,4,0.999,B,1
2.113,5,-0.275,B,0
0.68,4,-0.707,B,1
-2.053,1,-0.898,A,0
-0.034,0,1.167,A,0
0.201,2,-0.436,A,0
-0.269,4,-0.764,B,1
1.262,2,0.167,A,0
-0.33,3,1.614,A,0
-0.985,1,-0.924,B,0
-0.71,1,0.591,A,0
0.674,3,-0.455,A,0
-1.355,2,0.111,B,0
-0.493,1,0.811,A,0
0.847,1,1.216,B,0
-1.36,0,-0.53,A,0
-1.037,1,0.75,A,0
-1.695,0,0.237,B,0
-0.896,1,0.403,A,0
-0.522,1,1.236,B,0
-0.237,2,-0.711,B,1
-0.917,2,0.775,A,0
-0.382,2,0.157,A,0
0.98,1,1.184,B,1
0.334,1,0.41,B,0
2.134,5,-0.151,A,1
-0.673,1,0.871,B,0
-0.449,2,-0.568,B,1
0.154,1,-0.4,A,0
-0.514,2,-0.751,A,0
-0.027,3,-0.627,B,0
-1.918,0,-2.735,A,0
-0.371,2,-0.511,A,0
0.878,2,-0.074,A,0
1.904,5,0.76,A,0
1.449,3,-0.921,A,0
0.126,0,-0.5,B,0
0.481,3,-0.176,B,0
0.331,3,0.765,B,1
-0.554,0,0.18,A,1
-0.959,2,0.374,B,0
0.248,2,0.882,A,0
-0.11,2,0.503,A,0
0.839,3,-0.603,A,0
-2.381,0,1.71,A,0
-0.174,0,-1.902,A,0
1.209,1,0.898,B,1
0.576,2,0.44,A,0
-0.983,1,1.244,B,0
-1.309,0,-0.233,A,0
-0.046,4,-0.496,A,1
0.785,1,-1.102,B,0
0.516,0,-1.063,B,0
0.115,1,-0.167,A,0
0.642,3,-0.842,A,0
0.257,1,-0.711,B,0
0.599,5,-1.06,A,1
0.937,1,1.034,B,0
-0.445,4,-0.723,B,0
-0.886,1,0.402,B,0
0.729,1,-0.126,A,0
-0.511,2,0.347,A,1
-1.946,1,-0.262,A,0
1.427,2,0.775,A,1
0.254,1,0.614,B,0
0.209,1,1.209,A,0
-0.185,0,-0.661,A,0
0.837,2,-0.847,A,1
-1.283,0,-0.389,A,0
0.004,1,0.113,B,0
0.282,0,0.527,A,0
0.551,2,-0.627,B,0
-1.709,0,0.2,B,0
0.594,4,-0.183,B,1
-0.419,0,-0.266,B,0
-0.652,0,-0.009,B,0
-1.562,0,1.501,A,0
2.233,4,0.791,B,1
-0.128,0,1.049,A,0
0.246,0,0.362,B,1
-1.052,1,1.761,A,0
-1.529,1,0.89,A,0
0.815,2,-1.425,B,0
-1.35,1,0.728,B,0
1.304,3,0.338,B,1
1.801,3,0.622,B,1
-0.775,2,-1.5,B,0
-0.461,3,-1.464,B,0
-2.543,0,-0.095,A,0
-1.743,1,-1.756,A,0
0.632,0,0.703,B,0
1.255,5,0.148,A,1
-0.782,1,1.948,A,0
-0.63,2,0.375,B,0
-1.581,0,0.694,B,0
-1.13,1,0.579,A,0
1.329,4,0.079,A,0
0.31,1,0.118,A,0
-1.795,0,-0.056,B,0
0.566,4,-2.387,A,0
2.371,6,1.122,A,1
-0.394,5,1.132,A,0
-0.666,1,0.864,B,0
0.582,4,0.089,A,0
1.006,3,-0.135,B,0
0.822,0,-1.134,A,0
-0.317,1,-1.252,A,0
-0.421,1,-0.594,A,0
-1.724,0,0.203,A,0
-1.23,1,0.373,A,0
0.361,0,-0.515,A,1
-0.535,3,-1.304,A,0
0.246,1,-0.667,A,0
-0.239,3,-0.119,B,1
0.062,1,-1.562,A,0
0.019,1,0.183,B,0
0.746,3,1.612,B,0
0.849,4,-0.803,A,0
-0.017,3,2.119,A,0
-0.204,2,-0.705,B,0
-0.036,3,-0.223,A,1
-0.784,0,0.483,A,0
1.086,4,-0.046,A,0
-0.562,3,-1.695,A,0
-0.16,1,0.25,A,0
0.176,1,0.078,A,0
0.31,3,-0.263,A,1
0.269,2,0.072,B,0
-0.137,3,0.442,B,0
1.645,2,-0.887,B,0
0.075,1,0.536,A,0
-0.251,3,-0.609,A,1
1.798,4,1.535,B,1
-0.778,1,1.04,B,0
1.795,3,-0.997,A,0
-1.995,1,1.23,A,1
-0.402,0,0.407,B,0
-1.67,0,0.53,B,0
-1.362,1,-0.181,B,0
0.453,2,-0.343,B,0
0.286,1,-0.27,A,1
-0.608,3,-0.953,B,0
1.634,5,-1.871,A,0
1.134,3,-0.638,A,0
-0.052,2,-0.643,A,0
-1.809,1,-1.09,B,0
0.959,2,0.582,A,0
-0.483,0,0.244,A,1
0.292,1,-0.592,B,0
0.798,4,-0.311,A,0
-0.401,1,0.223,A,0
1.279,0,-0.727,A,0
-0.38,2,-2.554,A,0
0.539,2,1.196,B,1
0.755,1,-0.115,A,0
0.912,6,0.27,A,0
1.744,4,0.172,B,1
-0.822,1,-1.443,A,0
-1.133,0,-0.687,B,0
-0.321,2,-0.013,A,0
3.044,3,-0.199,A,1
1.351,4,-1.134,B,1
-0.55,1,0.343,A,1
-0.348,0,0.569,B,0
-0.015,2,-0.381,B,0
0.273,1,1.002,A,0
0.641,2,0.533,A,1
0.683,1,0.387,B,1
1.197,3,-0.499,B,0
2.003,6,-0.17,B,1
-0.134,1,0.833,A,0
-0.214,2,-1.449,A,0
-0.364,1,-1.384,A,1
-0.277,2,-0.408,A,0
0.369,3,-0.02,B,0
0.636,1,-0.098,B,1
1.726,3,0.522,A,0
-0.709,2,0.242,B,0
0.359,3,0.021,A,0
-0.841,0,-0.302,A,0
0.405,1,0.817,B,1
2.673,10,1.2,A,0
-0.137,1,-0.296,A,0
2.452,4,0.389,A,0
-0.837,1,-0.258,A,0
-0.46,3,-1.21,A,0
-0.343,1,-1.667,B,0
0.175,2,1.176,A,0
-0.154,3,0.8,A,0
0.764,6,0.402,B,0
-2.748,0,0.998,A,0
-0.98,1,-0.801,B,0
1.894,4,0.891,B,1
-1.408,2,0.348,B,0
-0.357,3,-0.431,A,0
0.612,2,-2.304,B,0
-0.045,3,-1.43,B,1
-0.85,0,1.72,B,0
0.445,1,1.685,A,1
0.836,2,-1.418,A,0
-0.597,3,-1.997,A,0
0.407,3,1.303,A,0
0.861,10,-0.081,A,0
1.08,5,-0.72,A,1
0.37,2,-1.234,A,0
1.709,2,-1.242,A,0
0.047,4,1.305,B,1
-0.983,0,0.249,B,0
-0.218,0,-1.792,A,0
1.212,8,-0.702,B,1
-0.893,2,1.583,A,1
-2.242,0,0.302,A,0
0.46,3,-1.397,A,0
-0.444,0,-0.65,A,0
2.248,7,-0.11,B,1
0.266,0,0.949,A,0
1.237,1,-0.099,A,0
-0.491,0,1.377,B,0
0.594,1,0.263,A,0
0.372,7,-2.292,B,0
1.379,2,0.535,B,1
0.191,3,-0.182,B,1
-0.524,1,-0.506,B,0
1.039,2,0.394,B,0
-0.714,3,-0.249,A,0
-0.817,1,0.201,A,0
-0.044,1,-0.523,A,0
-0.326,1,-0.563,A,0
0.017,1,1.107,A,0
-0.668,2,0.114,A,0
1.12,3,0.41,A,0
1.106,3,-0.578,A,0
0.831,4,1.064,B,0
0.732,3,0.206,A,0
-1.848,0,-0.338,A,0
0.116,1,1.267,A,0
0.858,4,-0.338,A,1
1.341,5,0.181,B,0
-0.204,0,-1.203,A,0
1.304,6,-0.626,A,0
0.307,4,0.777,A,0
-2.583,0,-0.051,A,0
-0.099,5,0.092,A,0
-0.84,1,-0.09,A,0
-0.612,1,-0.049,A,0
1.052,3,-0.54,B,0
0.297,2,-0.471,B,0
-0.518,0,-0.294,A,0
-0.677,0,-0.29,A,0
0.438,2,0.462,A,0
-0.184,2,0.429,A,0
0.697,1,1.318,A,0
-0.826,2,0.693,B,0
-0.381,3,-0.886,B,0
-1.12,1,-0.67,B,0
-0.554,2,0.931,A,0
2.178,8,0.66,A,1
-0.736,0,1.039,A,0
-0.473,0,-0.004,A,0
-0.824,2,-0.26,A,0
-0.183,1,0.342,B,0
-0.072,3,-1.374,A,0
1.218,1,-0.198,A,1
-0.406,0,1.959,B,0
0.114,2,-0.33,B,0
-1.874,0,-0.016,A,0
-0.865,3,-0.203,B,1
1.086,5,1.503,B,1
-0.856,0,-1.185,A,0
0.768,5,0.675,A,0
-0.926,0,-0.4,B,0
-0.173,3,-0.65,B,0
1.715,6,-1.676,B,1
0.745,4,1.714,B,1
-1.952,1,0.723,B,0
3.221,10,-1.327,A,0
-1.039,0,-1.259,B,0
1.866,4,-0.646,B,0
-0.446,2,0.499,A,0
-1.229,1,-0.128,B,0
-0.451,4,-0.913,A,0
-0.653,0,-0.081,B,1
-0.548,1,1.268,B,0
0.06,1,0.595,A,0
0.478,0,-1.806,A,1
1.42,8,-1.052,B,0
0.214,0,-0.131,B,0
0.077,0,0.134,A,0
-0.723,2,1.309,A,0
-0.28,1,-0.01,A,0
-0.504,1,0.539,B,0
-1.373,0,-2.187,A,0
2.551,10,-0.398,A,1
0.242,2,0.699,A,0
0.255,3,1.888,A,0
1.218,5,-1.34,B,1
-2.582,0,-0.172,A,0
2.239,5,-1.762,B,1
-0.859,4,-0.204,B,0
-0.883,1,1.042,B,0
-0.543,5,0.923,B,0
0.984,2,-0.049,B,1
2.144,4,-0.258,B,1
1.64,2,2.601,B,1
-0.482,3,-0.218,B,0
-1.798,0,-0.551,B,0
-0.414,1,-0.564,B,0
-0.64,0,-1.469,A,0
-1.645,0,0.438,A,0
0.583,2,0.648,B,0
0.004,5,0.613,A,0
0.501,0,0.773,B,0
0.732,3,-0.597,A,0
0.685,4,-0.166,B,1
-0.064,5,1.15,B,0
1.64,7,-0.472,A,0
-0.49,0,-0.563,A,1
-0.639,2,0.993,B,0
-0.232,1,-0.798,A,0
0.538,0,-1.146,B,0
0.682,3,-1.051,A,0
-0.34,2,2.701,A,0
-0.319,0,1.005,A,0
1.305,5,0.62,B,0
-1.308,1,-0.94,B,0
2.747,11,0.498,B,1
-0.301,2,1.694,B,0
-0.204,2,0.36,A,0
0.37,1,-1.106,B,0
0.532,1,0.534,A,0
-0.655,2,-0.161,B,0
0.338,4,0.137,A,1
-0.934,2,-0.966,A,0
-0.599,0,-0.762,B,0
-1.605,0,-0.473,B,0
0.141,2,-0.778,B,0
-0.176,3,-0.059,A,0
-2.014,1,-0.684,B,0
-0.681,1,1.637,A,0
-0.029,4,0.492,A,0
0.859,0,0.758,A,0
-1.282,1,-0.139,B,0
-0.301,1,-2.005,A,0
-1.1,1,0.839,B,0
0.725,6,-0.11,B,0
-0.668,1,0.417,B,0
0.519,2,-0.071,A,1
-0.358,5,-2.227,B,0
-1.704,2,-0.43,B,1
-0.07,1,-0.826,B,0
-1.184,1,0.208,B,1
1.119,2,0.458,A,0
1.818,3,2.155,A,0
0.638,3,0.467,A,0
-0.641,1,-0.56,A,0
0.022,2,-0.423,A,0
0.29,2,0.516,A,1
1.085,4,0.845,A,1
-0.188,2,-1.246,B,0
0.408,2,-0.247,A,0
-1.679,1,-0.155,A,0
0.242,1,-1.616,A,0
-0.86,2,0.72,A,0
0.043,2,0.225,B,0
-1.038,2,-0.196,A,1
0.411,1,0.243,A,0
0.638,3,0.653,A,0
-0.233,0,1.934,B,0
-0.866,1,0.655,A,0
0.574,2,-1.145,A,0
1.557,4,2.82,A,1
1.922,5,-1.122,B,0
0.396,1,0.39,A,0
0.278,3,-0.207,A,0
-1.315,1,-0.118,A,0
1.314,2,0.379,B,1
-2.323,0,0.455,A,0
1.192,4,1.38,A,1
0.027,3,-0.658,B,0
-2.432,1,0.4,A,0
0.337,1,0.608,A,0
-0.156,0,2.353,B,0
-0.449,0,0.5,B,0
-0.27,1,-1.15,B,0
-0.019,1,1.374,A,0
-0.022,3,-0.443,A,0
-1.476,5,-0.861,A,0
0.403,1,1.327,B,1
-0.38,0,0.133,A,0
1.587,6,-0.199,A,0
0.86,3,1.686,A,0
0.973,4,-0.513,A,0
1.862,1,-0.52,A,1
0.736,0,0.497,A,0
-0.146,2,-2.257,B,1
-2.559,1,0.161,A,0
0.241,3,0.08,A,0
1.731,4,-0.854,B,0
0.895,3,-0.017,A,0
-0.508,3,0.259,B,0
0.06,2,-0.043,A,1
-0.556,1,0.816,A,0
0.306,0,0.27,A,1
-0.51,0,-0.169,A,0
1.439,1,0.701,A,1
0.12,1,0.268,A,1
0.258,2,3.001,A,1
-0.828,2,1.023,A,0
-0.418,1,-0.529,A,0
-1.156,0,-1.719,A,0
1.417,2,-0.678,A,0
-0.513,4,-2.042,A,0
0.16,1,0.665,B,0
-1.549,2,-0.291,A,0
-1.232,3,-0.769,A,0
-0.25,2,0.598,A,0
-0.311,2,-0.369,A,0
0.245,4,0.394,A,0
2.011,6,-0.266,A,1
-2.017,0,0.077,A,0
0.978,2,1.29,A,1
0.498,1,0.915,A,0
-0.618,0,1.433,A,0
-0.434,2,0.344,B,0
1.12,4,-1.81,B,1
-0.062,0,-0.684,A,0
-0.322,3,-1.615,B,0
-1.049,1,0.919,A,0
-0.836,1,0.015,B,0
-1.216,0,1.259,B,0
0.885,1,1.038,A,0
-0.784,1,-0.126,A,0
-1.194,0,1.746,B,0
0.175,2,0.959,B,1
-0.816,2,0.081,A,0
1.547,1,0.435,A,0
0.041,2,1.414,B,0
0.205,1,0.448,B,0
0.208,0,-0.666,B,0
0.571,2,-1.177,A,0
0.71,1,-0.265,A,1
0.029,3,-0.681,A,1
-1.016,1,0.204,A,0
-0.154,0,-0.515,A,0
0.059,0,-0.384,B,0
-1.632,0,1.213,A,0
-2.105,0,1.656,B,0
-1.213,1,-0.777,A,0
-1.951,1,-0.359,A,0
-0.486,0,-0.23,A,0
-0.773,0,0.314,A,0
0.089,1,0.344,A,1
0.709,3,-0.508,A,0
0.289,3,0.51,A,0
0.434,2,-0.462,B,1
0.946,5,-0.373,B,1
-0.326,1,-0.909,A,0
-2.607,0,1.035,A,0
-1.744,2,0.909,B,0
0.498,3,0.347,B,1
0.196,2,0.663,A,0
0.695,6,1.109,B,0
2.842,4,0.752,A,1
0.219,4,0.728,B,0
-0.096,3,-0.429,A,0
0.346,1,-1.503,A,0
-1.19,0,-0.791,A,0
0.755,2,2.195,A,1
-0.171,4,-0.237,A,0
1.683,7,1.601,A,0
-1.601,2,0.542,B,0
0.005,1,-0.03,A,0
-0.628,4,-0.902,A,0
-1.066,2,-0.703,B,0
0.623,5,-0.132,B,0
-0.318,0,-0.135,A,0
1.331,8,0.546,B,0
-0.531,1,-0.678,B,0
-0.393,1,-0.642,A,0
2.015,7,0.872,A,0
-1.351,1,1.899,B,0
-0.784,2,0.085,A,0
-3.09,0,0.443,A,0
-0.447,2,-0.147,B,0
0.691,1,-0.064,B,1
0.41,2,-0.212,B,0
0.144,5,-0.35,B,0
-0.876,1,0.555,A,0
-0.19,1,0.617,B,0
-0.398,1,-0.244,A,0
-0.005,1,-0.574,B,0
0.174,1,-0.477,A,0
-0.351,2,0.652,A,0
0.024,2,-0.802,A,0
-0.098,2,-1.017,B,0
-0.675,1,0.282,A,0
0.08,2,-0.067,A,0
-1.277,3,-0.139,A,0
0.181,4,0.833,B,0
-1.111,1,-0.052,B,0
-0.026,1,-0.655,A,0
0.465,1,0.171,B,0
-0.926,0,-0.652,A,0
1.033,1,0.885,B,0
1.788,7,0.022,A,1
-0.65,0,-1.029,B,0
-0.145,2,0.156,A,0
1.212,4,-0.795,B,1
-1.798,1,1.027,B,0
0.033,1,-0.099,B,0
-0.302,2,0.63,A,0
0.9,5,-0.618,B,0
-0.245,2,-0.193,B,0
0.452,1,0.415,A,0
-0.823,1,-0.157,A,0
0.952,3,-0.892,B,0
-1.122,0,0.718,A,0
0.871,4,0.283,B,0
0.076,0,-1.075,B,0
-2.354,0,-0.363,A,0
0.063,2,-0.82,B,0
0.607,3,-0.486,A,1
-1.229,1,-0.452,A,0
-0.847,2,-0.237,A,0
0.089,4,-1.419,B,0
-0.512,1,-0.416,B,0
0.33,0,0.963,B,1
-0.209,3,1.724,B,1
-1.32,1,-1.141,A,0
2.328,4,1.079,A,1
-0.34,0,2.236,A,1
0.124,1,-0.196,B,0
1.772,7,0.511,B,1
0.863,4,1.015,A,0
0.548,4,-0.436,B,0
1.058,5,0.951,B,1
0.551,4,-0.191,A,1
0.551,3,0.958,A,1
0.567,5,1.517,B,1
-0.169,1,1.259,A,0
1.075,1,-0.314,A,0
0.674,0,0.599,A,0
-2.3,1,-0.469,A,0
0.851,4,-1.14,A,0
-0.793,3,-0.221,B,0
0.243,2,0.818,B,0
-1.672,0,-0.272,B,0
-0.583,4,1.456,A,0
-0.364,3,0.078,A,0
0.537,2,-1.07,A,0
-0.588,1,-0.274,A,0
-2.166,0,-0.64,A,0
-0.49,0,1.318,B,1
-0.381,1,0.505,B,0
0.633,3,-0.062,B,0
0.148,1,0.745,A,1
-0.767,0,-0.773,B,0
0.277,1,-1.135,B,0
1.834,5,-1.256,A,0
1.17,5,-1.828,A,0
-1.909,1,-1.061,A,0
2.475,3,0.565,B,1
1.184,4,0.73,B,0
1.585,2,-0.868,B,1
-1.52,1,-2.009,A,0
-0.414,2,-0.405,B,0
0.589,2,0.5,A,0
-1.122,1,0.834,A,0
0.528,4,0.243,B,0
1.633,3,-1.006,A,1
-0.333,2,0.728,B,0
1.703,3,0.395,A,1
0.702,1,0.74,B,1
-1.859,0,-0.891,A,0
-0.869,1,0.513,B,0
1.108,3,0.868,B,1
-1.032,1,-1.351,A,0
1.079,6,-0.616,B,0
0.612,5,-1.521,A,0
0.312,2,-0.812,A,0
-0.577,1,-0.104,B,0
0.301,2,-1.448,A,0
1.682,6,1.112,A,1
-0.39,1,1.127,B,0
0.61,1,-0.13,B,0
2.006,11,-0.657,B,0
0.262,2,-0.044,A,0
-0.491,3,1.459,B,1
-0.502,2,0.625,B,0
-2.084,0,-1.799,B,0
-1.211,2,-2.254,A,0
0.338,0,-0.906,B,0
0.97,7,-0.043,B,0
-0.426,3,-1.702,B,0
0.957,2,-0.206,B,0
0.894,5,-1.676,A,0
-0.771,1,0.008,A,0
-0.596,2,0.218,A,0
-1.346,2,1.704,B,0
0.744,4,-0.132,A,0
0.004,2,-0.355,A,0
0.888,3,1.334,A,0
-0.06,1,0.653,B,1
-0.941,2,0.043,B,0
0.78,5,-0.304,A,0
-1.982,1,1.701,A,0
-0.337,0,-0.732,A,0
-0.774,1,-1.477,B,0
1.526,4,-0.192,B,0
1.75,0,-0.316,B,1
0.423,1,1.205,A,0
-0.579,2,0.156,A,0
1.721,4,0.915,B,0
-0.698,0,-2.56,A,1
-1.384,0,-0.334,A,0
-1.987,0,1.476,A,1
0.102,0,-1.079,A,0
-1.715,1,-0.279,A,0
1.419,2,0.839,A,0
-0.58,1,-0.505,B,0
-1.286,3,0.782,B,0
1.116,2,-0.604,B,1
0.876,3,-0.037,B,0
1.663,9,0.671,B,1
-1.7,0,-1.092,A,0
-1.91,0,-0.814,A,0
1.561,1,0.914,B,1
-2.806,0,-0.788,B,0
-1.215,0,0.126,A,0
0.055,3,0.974,A,0
-1.329,1,0.092,A,0
0.211,2,0.273,A,0
-1.149,1,1.55,B,0
1.29,5,2.301,B,0
0.718,0,0.136,A,0
0.275,2,-0.424,A,0
-0.355,3,0.833,A,0
-1.033,3,-0.777,A,0
-0.135,2,1.313,B,0
-1.232,1,-0.547,B,0
1.917,5,-0.423,A,1
0.319,0,-1.026,B,0
-0.87,0,-0.849,A,0
1.566,4,1.18,A,1
-0.046,0,0.342,B,0
1.399,4,-0.053,A,1
1.368,5,2.05,B,0
0.436,1,0.118,A,0
-1.269,0,-0.018,B,0
-0.581,2,-1.113,A,0
3.589,7,-0.809,A,0
-0.551,2,-0.936,B,0
-0.257,2,-0.686,A,0
-0.472,2,-0.468,B,0
-0.94,2,-0.285,A,0
0.704,2,0.699,B,0
-1.339,3,-0.025,A,0
-0.831,1,1.788,A,0
0.309,3,0.63,A,0
-0.251,3,-0.707,B,0
0.163,1,0.452,B,1
-0.031,0,0.151,A,0
-1.172,2,1.397,A,0
1.465,1,0.821,A,1
1.143,5,0.068,A,1
-0.956,1,1.749,A,0
0.477,0,0.557,A,0
-0.491,2,0.601,B,0
1.083,4,1.503,B,1
0.859,2,0.857,B,0
1.256,1,0.216,A,0
-0.947,1,-0.078,A,0
-1.355,1,-2.019,B,0
-1.858,0,-1.846,B,0
2.675,6,-0.117,A,1
0.906,2,-0.555,B,0
1.245,6,0.019,A,0
-1.434,1,1.017,A,0
0.635,3,-0.773,A,0
-1.722,0,-1.576,A,0
0.455,3,-1.299,A,0
0.02,1,-0.984,A,0
-0.298,1,-1.14,B,0
-0.542,0,0.043,B,1
1.176,4,1.539,B,1
-0.523,2,0.615,A,0
1.353,2,0.689,B,1
-0.047,2,0.219,A,0
0.374,2,-1.239,B,0
0.55,3,2.241,A,0
0.46,3,-0.318,B,0
0.228,3,0.776,A,0
2.153,11,-2.238,B,0
1.129,5,-0.089,A,1
-2.557,0,-0.172,A,0
-0.208,0,-0.267,A,0
1.486,1,-1.401,A,0
-0.813,0,0.198,A,0
0.005,2,1.22,A,0
0.079,1,2.1,A,0
1.592,2,1.649,B,0
-1.047,1,1.265,A,0
-0.903,0,1.709,A,0
0.506,1,1.826,B,0
0.345,2,-0.924,A,0
0.522,3,0.252,B,1
0.322,0,-1.276,A,0
-0.119,0,0.539,B,0
0.56,5,-0.246,B,0
0.205,2,-0.155,A,0
-0.249,5,-0.274,B,0
-0.063,2,-2.496,A,0
-0.54,1,-1.909,A,0
-0.708,2,0.856,A,0
0.558,3,-0.674,A,0
-1.307,0,1.023,A,0
0.689,5,-0.161,B,1
-0.264,2,-1.586,B,0
-0.103,1,-1.401,B,0
-0.177,3,-0.672,A,0
0.503,1,-0.928,B,0
1.48,4,-0.088,A,0
1.804,4,0.252,A,0
1.048,2,0.34,A,0
0.079,1,0.228,B,1
0.799,1,0.884,B,0
-2.022,0,1.003,B,0
0.608,1,-0.93,B,0
0.39,2,-1.865,B,0
-1.545,1,-0.679,A,0
-0.581,0,0.083,A,1
0.278,2,-0.525,B,0
0.382,2,0.633,B,0
0.957,5,-1.332,A,0
1.67,1,1.58,B,0
-0.149,0,0.784,A,0
-1.138,1,-0.385,B,0
0.822,3,-0.764,A,0
1.288,4,-0.152,A,0
1.268,2,1.148,A,0
0.471,5,-0.399,B,0
2.0,2,-0.582,A,1
-0.274,4,-0.005,A,0
1.599,5,-1.255,A,0
-1.16,0,1.076,B,0
-2.266,0,0.621,A,0
-1.177,0,0.906,A,0
-0.575,2,1.386,A,0
0.001,3,-0.791,A,0
-0.933,2,0.015,B,0
0.128,4,-0.095,B,0
0.647,3,1.584,A,0
0.353,1,-0.414,B,1
-0.138,4,-1.79,A,0
1.203,3,-0.46,A,0
-0.8,3,0.886,A,0
-0.241,2,0.533,B,0
-0.55,2,-0.094,B,0
0.653,4,-0.38,A,0
-0.425,2,0.341,B,0
0.4,5,0.566,A,0
0.816,2,0.217,B,0
-0.507,3,-0.349,B,0
-1.598,0,-0.031,B,0
-0.225,1,-0.547,B,0
-0.796,2,1.034,A,0
-0.642,4,-0.132,A,0
-2.471,0,-0.935,A,0
-1.62,1,2.259,A,0
0.8,2,-0.728,A,0
-0.937,0,-0.893,A,0
1.156,1,-1.204,A,1
-0.716,1,-0.687,B,0
0.486,1,0.746,B,0
-0.253,2,-1.581,A,0
0.65,3,0.161,B,0
-0.253,3,-0.583,B,0
0.213,2,-0.812,A,0
1.231,4,-1.739,B,0
0.471,2,-0.044,B,1
-0.688,1,-1.714,A,0
-1.873,1,-0.281,A,0
-0.109,1,0.341,A,1
0.43,5,-2.259,A,0
0.154,2,0.694,B,0
-0.878,0,-1.977,B,0
0.152,2,1.816,B,0
0.66,1,-0.194,A,0
1.394,3,-0.863,A,0
-0.226,2,0.205,A,0
2.457,9,-0.901,A,0
1.453,3,-2.429,B,0
0.168,1,1.138,A,0
0.262,2,-0.347,B,0
1.389,0,0.076,A,0
-0.963,2,-0.165,A,0
-0.802,0,-0.83,A,0
-1.288,2,-1.117,A,0
-0.255,2,0.729,A,0
-0.86,1,0.512,B,0
-0.355,3,-0.043,B,0
-0.035,2,1.022,B,0
-1.378,0,-0.074,B,0
1.366,2,1.118,B,0
1.192,2,1.476,A,0
-0.46,1,1.083,B,0
1.482,3,0.41,A,1
0.388,3,-1.01,B,0
1.099,0,0.443,B,0
-1.357,0,-0.474,B,0
-0.336,2,0.72,A,0
0.628,2,1.615,A,0
-0.164,3,-0.09,B,0
-0.176,3,-1.12,B,1
-0.111,3,0.701,B,0
0.373,5,-0.008,A,0
0.111,4,1.536,A,0
1.558,4,0.054,A,1
-0.989,3,-0.07,A,0
0.095,2,0.096,A,0
0.704,2,0.308,A,0
-1.244,2,-1.982,B,0
-0.344,4,-0.812,A,0
0.174,4,1.107,A,0
1.503,6,-0.652,A,1
0.136,1,-0.029,B,0
0.758,1,-0.229,A,0
0.823,5,-0.687,A,0
-2.756,1,-0.161,A,0
0.08,0,-1.022,A,0
-0.436,0,-1.481,B,0
1.503,10,0.206,A,0
0.699,2,1.612,B,1
0.875,5,0.747,A,0
0.52,0,0.768,A,0
0.105,1,1.054,A,0
0.836,0,0.206,A,0
-0.021,1,0.024,A,0
1.284,5,-0.859,B,0
-1.069,0,0.788,A,0
1.038,4,0.277,A,1
-0.363,1,-0.688,A,0
0.679,1,-0.315,B,0
-1.572,0,-1.127,B,1
0.27,2,0.525,A,0
-0.151,1,1.545,B,0
-0.045,2,-1.13,B,1
-1.768,1,1.045,B,0
0.033,2,1.209,A,0
0.13,2,-1.163,B,0
-1.782,0,-2.067,A,0
-1.151,0,0.063,A,0
0.158,0,-0.174,A,0
0.407,4,-0.22,A,0
-0.051,1,1.127,B,0
0.045,0,-0.352,A,0
0.027,1,2.419,A,1
-0.545,1,-1.536,A,0
-0.178,3,-0.867,B,0
-1.402,0,-0.873,B,0
-0.585,0,-0.187,A,0
-0.042,1,1.42,A,0
1.236,4,-1.117,A,0
-0.122,1,-0.904,A,0
2.061,2,-0.635,A,1
1.93,2,-0.09,B,1
0.07,4,0.162,B,0
-0.414,1,-0.39,A,1
2.266,4,-1.289,A,0
0.746,3,-0.097,A,0
0.439,1,1.434,A,0
-0.721,1,0.915,B,1
-0.428,2,-0.457,B,0
-1.0,0,0.071,A,0
1.488,5,0.499,A,0
0.502,3,0.885,A,1
-0.31,0,1.535,B,0
-0.472,2,0.269,A,0
-0.991,1,-1.173,A,0
-0.07,4,-1.531,A,0
0.171,3,0.603,A,0
-2.276,1,-1.447,B,0
-0.964,2,0.816,A,0
-0.677,0,-0.596,A,0
1.085,5,-1.215,B,1
-0.554,1,0.513,A,0
-1.794,4,-1.023,A,0
-1.101,1,0.472,A,0
1.724,5,0.183,B,1
-0.373,3,-1.901,B,0
-1.038,0,1.416,B,0
-1.674,1,1.294,A,0
0.024,3,0.952,A,1
0.13,1,0.973,A,0
0.441,4,-0.729,B,1
2.727,10,1.159,B,1
-1.236,1,0.758,B,0
-0.369,1,-2.092,B,0
0.292,2,-0.965,A,0
-0.438,2,-0.758,A,0
-2.066,0,1.478,B,0
0.511,3,-0.966,A,0
-0.631,1,-0.587,B,0
-1.064,0,-1.284,A,0
-0.893,0,-0.478,B,0
1.551,3,1.034,A,0
1.299,2,-1.423,B,0
-1.091,3,0.472,A,1
-1.732,1,-0.877,A,0
0.898,1,1.884,B,0
2.058,5,0.115,B,1
2.333,9,-0.084,B,1
-1.416,1,-0.581,A,0
1.358,1,0.215,A,1
-0.005,0,-1.471,A,0
-1.93,1,0.097,B,0
-0.86,3,-0.587,B,0
-0.786,1,-0.63,A,0
0.475,2,2.06,B,1
-1.367,1,1.404,B,0
0.944,7,1.46,B,1
0.475,5,0.85,A,0
1.02,3,0.408,A,0
-0.66,2,1.468,A,0
0.397,2,0.328,A,1
-1.036,1,0.618,B,0
0.677,6,1.387,B,0
-0.237,0,0.816,A,1
-0.139,3,0.443,A,0
-0.033,1,0.796,B,0
-1.741,1,0.111,B,0
1.19,4,0.508,A,0
0.083,8,0.604,A,0
1.194,3,-1.234,A,0
1.12,6,-0.736,A,0
-0.813,3,0.728,A,0
-0.27,1,0.132,A,1
-1.551,1,-0.018,A,0
1.226,2,0.294,A,1
0.325,2,-1.983,B,0
0.201,6,-0.169,A,0
-0.276,0,-0.161,A,0
-0.97,2,0.18,A,0
1.283,6,0.855,A,1
2.005,4,-0.365,A,1
1.322,4,1.344,B,1
-0.167,2,-0.973,A,0
0.39,3,0.694,B,0
1.07,3,-0.519,A,0
0.094,5,1.168,A,0
1.945,8,0.221,B,1
1.248,5,-1.206,B,0
2.785,5,0.103,B,1
0.194,3,0.401,A,1
-2.415,0,0.225,A,0
0.072,0,0.329,A,1
-0.38,4,-0.225,A,1
0.173,1,-0.559,B,0
1.783,2,-1.644,B,0
-0.542,2,0.583,B,0
-0.832,2,0.508,A,0
-0.647,0,1.91,A,0
2.154,4,-0.041,B,0
-0.461,1,0.278,A,0
0.259,3,0.151,A,0
1.846,10,0.866,A,1
0.664,3,-0.514,A,0
-2.255,0,0.151,A,0
-0.483,1,0.027,A,0
-0.653,0,0.744,B,0
-1.743,0,2.222,B,1
-0.476,3,0.331,A,0
-2.722,0,-1.445,A,0
0.325,1,-1.172,A,0
0.007,0,1.055,A,0
-0.708,1,-1.664,B,0
-1.809,2,0.316,A,0
1.394,4,-0.731,A,0
-0.568,2,2.698,B,0
1.098,3,-1.212,A,0
-0.126,1,-0.662,B,0
1.459,0,0.781,B,0
0.584,1,-0.232,A,1
0.111,2,-0.719,A,0
-0.84,1,-0.966,A,0
1.299,4,-0.657,B,1
-0.205,0,-0.906,A,0
-0.815,1,-0.013,A,0
-0.157,2,1.925,B,0
-0.046,1,2.062,A,1
0.874,7,2.045,B,1
-1.882,0,-0.13,B,0
2.383,8,0.716,B,1
0.463,3,0.127,A,0
-0.016,3,-0.821,A,0
0.444,3,-1.804,B,0
-1.531,1,-1.762,A,0
0.124,1,0.155,B,1
0.65,0,-1.364,B,1
-0.295,4,-0.795,B,0
0.524,3,0.369,B,1
0.793,4,-2.332,B,0
-0.728,1,1.468,B,0
1.249,4,0.053,B,1
-0.06,3,-0.376,A,0
1.907,8,-0.638,A,0
1.309,5,0.473,B,1
0.406,2,-0.965,B,0
-0.812,3,1.321,B,1
-0.112,2,0.868,B,0
1.008,3,-0.724,A,0
-0.56,3,-0.196,B,0
0.433,2,1.213,A,0
0.546,2,0.406,A,0
-0.112,2,-0.226,A,0
-0.822,1,-0.744,B,0
1.598,4,-0.112,A,0
0.475,1,-0.414,A,0
-0.302,1,0.309,B,1
-0.79,0,-0.314,B,0
0.899,6,-0.967,A,0
-0.069,0,1.097,B,0
0.977,3,0.543,A,1
-0.922,0,-0.998,B,0
0.303,5,-0.59,A,0
-0.48,0,0.71,A,0
1.741,6,-0.839,A,1
0.368,2,-0.17,A,1
-0.996,0,-0.291,B,0
0.935,3,-0.723,B,1
1.235,1,-1.062,A,0
-0.337,3,-0.055,B,0
-0.81,0,-0.93,B,0
-2.203,0,-0.596,B,0
1.101,1,0.849,A,1
-1.753,2,-0.717,B,0
-0.048,1,0.457,A,0
-1.725,1,0.957,B,0
1.801,2,-0.107,A,0
1.335,3,0.51,A,0
0.3,4,-0.857,B,1
1.048,0,0.741,B,0
-0.132,1,0.645,A,0
-0.825,0,1.455,B,0
-1.676,0,1.172,A,0
0.792,3,0.264,A,0
-1.009,1,2.76,A,0
2.527,9,0.884,A,1
-1.112,1,1.273,B,0
1.012,1,-0.461,B,0
1.276,1,-0.369,A,1
-1.34,2,0.072,B,0
-0.45,0,-1.002,B,0
-0.23,1,0.038,A,0
3.483,9,-0.039,A,1
-0.245,1,1.094,A,1
-1.138,1,1.167,B,0
0.492,1,0.121,A,0
-1.048,1,-0.373,B,0
-0.062,3,1.791,A,0
-0.455,0,-1.52,A,0
0.518,0,-1.552,A,0
-0.561,0,0.481,A,0
-0.696,3,-0.069,A,0
1.079,4,-0.307,B,1
0.289,3,-1.829,A,0
0.028,1,-0.878,A,0
-1.925,0,1.478,A,0
0.622,3,1.307,A,0
-0.471,2,0.791,B,0
0.278,2,-0.816,A,0
-1.844,1,-0.333,B,0
0.277,0,-0.402,B,0
0.193,2,-0.677,B,0
-0.23,3,-0.544,A,0
-0.886,1,-0.101,B,0
1.166,2,-1.476,B,1
-0.747,1,1.181,B,0
0.91,2,-0.136,B,1
1.047,5,-0.502,A,0
-0.832,1,-1.576,A,0
0.748,3,0.783,B,1
-0.43,1,-1.042,B,0
0.639,2,0.482,A,0
-0.936,1,-0.881,A,0
-0.115,2,0.114,B,0
0.077,0,-1.282,B,1
-0.029,2,-0.17,A,0
0.381,2,-0.078,B,0
-0.809,1,0.162,A,0
-0.552,2,0.883,A,0
0.714,0,0.516,A,1
-0.412,0,1.563,A,0
-0.497,4,-1.43,B,0
-0.842,1,2.091,B,0
-0.46,0,0.94,A,0
-1.027,0,-0.442,A,0
0.729,4,0.989,B,0
-0.449,2,1.767,B,0
-1.084,1,1.113,B,0
-0.203,2,-0.987,A,0
-1.396,1,0.041,B,0
-0.856,2,0.755,A,0
1.354,1,-0.032,B,1
-1.088,0,0.44,A,0
-0.143,2,0.51,B,0
2.206,4,-0.987,B,0
0.249,1,1.259,A,0
-0.511,2,0.092,A,0
-1.988,0,-0.045,A,0
0.167,4,-0.9,B,0
-0.768,2,-0.242,A,0
0.558,2,0.937,A,1
-0.676,1,0.24,B,1
0.277,5,0.708,B,1
1.446,4,-0.034,A,0
0.671,3,0.088,B,1
-1.318,1,-1.642,A,0
0.089,1,0.391,A,1
0.963,4,-0.195,B,0
-1.52,0,0.317,A,0
1.687,3,-2.151,B,0
0.141,2,2.533,B,0
0.576,5,0.074,A,0
-0.344,3,0.462,B,0
0.046,0,0.387,B,0
-0.894,1,-0.316,A,1
1.547,6,0.422,A,0
1.793,6,1.187,B,1
2.147,5,0.178,A,0
-1.766,0,0.858,A,0
0.33,4,0.769,A,0
0.432,0,0.706,A,1
-0.706,0,1.851,A,0
0.373,2,0.353,A,1
-1.437,2,-0.077,B,0
1.472,6,-0.043,B,1
-1.533,1,0.409,A,0
0.25,3,-1.352,B,1
0.789,4,1.399,B,0
-0.599,1,-0.244,B,0
1.373,2,-0.092,A,1
-1.825,0,-1.303,A,0
-0.031,1,0.109,A,0
-1.687,2,-1.356,B,1
-0.773,1,-1.682,A,0
-0.494,1,-0.73,A,0
-0.555,2,-0.247,A,0
1.271,3,-0.858,B,1
-1.172,0,0.286,B,0
-1.554,0,1.226,A,0
-0.431,3,0.218,A,0
0.113,0,-2.216,A,0
0.503,2,-0.018,A,0
1.154,3,0.581,A,0
-2.15,1,-0.37,A,0
1.689,3,0.316,B,0
-0.818,1,0.265,A,0
-0.278,1,-1.1,B,0
0.023,1,1.205,B,0
-2.17,0,-0.29,A,0
-0.432,0,-0.329,A,0
0.992,2,0.452,A,0
0.631,3,-1.605,A,0
-0.5,1,1.266,B,0
0.213,3,-0.982,B,0
0.462,1,1.809,B,0
-0.259,1,1.126,A,1
0.492,1,-1.01,A,0
-0.8,2,0.333,B,0
-0.945,1,-0.956,A,0
-0.297,0,-1.093,A,0
-2.414,0,-2.498,A,0
0.693,2,0.634,A,0
0.083,1,-0.457,A,0
-0.222,3,0.785,A,0
0.797,3,0.225,B,0
0.387,1,-1.217,B,0
1.064,2,0.841,A,1
1.58,2,0.519,A,1
0.331,1,-0.48,A,0
-0.72,3,0.975,A,0
0.725,2,-0.27,B,0
-0.716,1,-0.786,A,0
-0.762,1,-0.191,A,0
-0.293,0,-0.37,B,0
1.158,1,-1.484,A,0
0.75,2,-2.637,A,0
0.886,3,1.647,A,0
0.123,3,1.132,A,0
0.569,2,1.478,A,0
0.601,2,0.902,B,0
-0.688,1,-0.414,A,0
0.588,4,-0.176,A,1
-0.004,0,-0.616,B,0
-0.405,0,0.541,B,0
-0.357,2,0.473,A,0
-0.552,1,-0.343,A,0
-0.281,2,0.438,A,0
-0.008,1,1.16,B,0
0.665,2,-0.003,A,0
1.509,2,-1.164,A,0
0.568,2,0.457,A,0
0.117,2,-1.223,A,0
-2.0,1,-0.809,B,0
2.419,10,0.276,B,1
-0.708,3,0.619,B,0
-0.676,2,0.095,B,0
1.264,8,-1.013,B,1
-1.101,1,2.785,A,0
0.372,9,-0.522,B,0
-0.463,3,0.455,B,0
-0.253,2,-0.584,A,0
0.05,3,-0.94,A,0
-1.194,0,0.052,B,0
-0.123,0,-0.442,A,0
1.026,4,0.095,A,0
-0.075,3,-0.656,B,0
3.499,9,0.135,A,1
0.092,3,-0.75,A,0
-1.197,1,1.076,B,0
-0.522,0,0.298,A,0
-1.935,1,-0.125,A,0
1.078,5,-0.016,A,0
1.605,7,-0.377,A,0
0.843,6,0.119,B,0
-0.84,2,1.498,B,1
-0.872,0,-0.571,A,0
0.737,2,0.16,A,1
-0.521,0,-0.768,B,0
-0.861,1,-2.482,A,0
-0.972,0,0.613,B,0
1.869,1,1.078,B,1
-0.464,3,0.436,A,0
0.832,3,2.335,A,0
0.55,3,-0.36,A,0
-0.849,0,-0.896,A,1
0.041,4,1.184,A,1
-1.001,1,1.246,A,0
1.448,8,1.098,A,1
-0.911,1,-1.081,A,0
0.365,1,-0.699,B,0
-0.494,1,-1.643,A,0
-0.925,3,1.973,A,0
1.077,2,-0.92,B,0
-0.521,1,-1.207,A,0
-1.83,0,-0.104,A,0
0.424,4,0.117,A,1
-0.707,1,0.666,A,0
0.158,2,-0.13,B,0
0.856,3,-0.679,A,0
0.357,3,-0.396,A,0
0.889,1,-0.604,A,0
-1.298,0,1.394,A,1
1.198,3,-0.006,A,0
-0.297,2,0.635,A,0
-1.427,0,-0.209,A,0
-2.455,1,-1.827,A,0
-0.308,2,1.643,A,0
-0.786,0,0.58,A,0
-0.771,5,0.388,B,0
0.334,4,-2.12,A,0
1.72,1,-0.139,A,0
-0.902,2,1.542,B,1
0.092,3,1.296,B,0
-0.568,0,-0.218,B,0
-0.987,1,1.219,A,0
-1.016,1,1.57,A,0
1.642,2,-0.155,A,0
0.013,3,1.318,B,1
-0.19,1,1.273,B,0
-0.685,2,0.839,A,0
0.067,1,0.936,B,0
-0.638,1,-0.873,A,0
1.93,5,0.785,A,0
0.252,1,-0.126,B,0
0.139,2,-0.904,B,0
0.117,3,1.521,B,0
1.308,9,-0.118,A,0
-0.022,1,0.234,A,0
-0.476,2,0.141,A,0
0.161,0,-1.557,A,0
0.791,3,-0.296,A,0
1.183,2,0.774,A,0
0.215,0,0.014,A,0
0.229,2,-0.353,B,1
0.993,5,0.334,A,1
-2.734,1,1.074,A,1
0.088,0,-1.634,A,0
-0.584,1,-0.105,B,0
0.058,2,0.019,A,0
0.356,2,1.769,B,1
1.245,1,1.206,B,1
-1.385,0,-1.381,A,1
-0.719,1,1.34,B,0
-0.889,1,-0.151,A,0
-0.607,1,-1.609,B,0
-1.37,0,-1.343,B,0
2.137,4,1.365,A,0
0.871,2,0.455,A,0
-0.775,0,-0.983,B,0
0.015,2,1.583,B,0
-0.435,3,0.71,A,0
0.156,5,-0.256,A,0
-0.768,1,0.299,B,0
-1.523,0,-0.877,A,0
-0.572,0,1.999,A,0
1.381,7,-1.186,B,1
-1.485,0,-1.288,A,0
1.097,4,0.195,B,0
0.56,3,2.881,B,1
-0.4,1,-1.406,A,0
0.75,2,0.815,A,0
0.209,2,0.07,A,0
-2.137,0,0.399,A,0
-0.405,2,1.142,A,0
-0.375,1,-0.685,B,0
1.445,6,-0.258,A,0
-0.401,1,-0.689,A,0
-0.211,2,1.402,A,0
-1.161,0,1.272,A,0
-0.063,0,-1.124,A,1
-1.189,1,0.381,B,1
1.086,2,1.049,B,1
-0.421,2,-1.59,A,0
-1.191,1,1.388,A,0
1.226,2,-0.065,A,0
-1.306,2,-0.453,B,0
0.255,3,1.397,B,0
-1.487,1,1.131,A,0
0.293,5,-1.369,B,0
1.068,7,0.721,A,0
